id,domain,status,purchase_price,renewal_price,attractiveness,demand,length,registrar,created_at,expires_at
5f90ef01-7ca3-49c1-a031-7ee70a3d3e3d,tranquilly.gg,available,,,medium,high,10,,,
efa86b40-7f4e-479c-88bc-7b96e2b3e9f5,readjust.gg,available,,,medium,high,8,,,
add1b288-6ba3-4a71-aa8d-1a8c5feb4a45,Auchinleck.gg,available,,,medium,high,10,,,
9c103f9f-54ad-4fc9-891b-8da80c19d69c,crashcourse.gg,available,,,medium,high,12,,,
042075a8-68fc-4013-a30c-d8814b00a258,firebrand.gg,resell,,,medium,high,9,Porkbun LLC (https://porkbun.com/),,
e1a5b159-dee2-412c-adb3-8037596bb1a5,lusaka.gg,available,,,medium,high,6,,,
8fae7375-916d-4121-9d1b-20a4c1ae2e0e,flossing.gg,available,,,medium,low,8,,,
ae9edb3c-36b4-46ba-856d-6d8084c3363a,retronym.gg,available,,,medium,high,8,,,
085ee532-3347-4273-8b6d-01f2a834812a,apiarian.gg,available,,,medium,low,8,,,
9591ed81-b6ba-484c-94f3-1555c4eccf10,fingerspinner.gg,available,,,medium,medium,14,,,
abd3361e-3bfe-4dde-93aa-7537b4697280,Midasian.gg,available,,,medium,low,8,,,
91f70fb8-de0e-4b10-b2b5-6bd376f0dbf3,cometotermswith.gg,available,82.98,,high,low,18,namecheap,,
b430127b-df71-4ce9-9775-c6bda9c5bd7a,noseringed.gg,available,,,medium,high,11,,,
7f76d440-7c19-49cd-a0ee-afa58443434a,whatnow.gg,available,82.98,,medium,low,8,namecheap,,
83d70d5d-4601-47d2-b592-bd34601e67bf,sunups.gg,available,,,low,low,6,,,
10c29b87-5b1e-4fe4-bb07-6a095a993fcf,toybox.gg,resell,,,medium,high,7,Docky Company (https://docky.ly),,
e55a29f1-6dce-4b71-8bc9-dbae52013211,expressionist.gg,available,,,high,high,13,,,
75a95919-2a01-4740-87ca-121068a776e3,FiveWays.gg,available,,,medium,high,9,,,
6ba50ad6-7912-4b23-848f-2cb44c458045,offguard.gg,available,,,medium,high,9,,,
aff4049e-17b6-4773-8b42-80c547b20075,equalling.gg,available,,,medium,low,9,,,
568babe3-252c-4651-a74e-cc02c8aa84a1,fortysix.gg,available,,,medium,low,9,,,
99ae0149-2187-44a0-9dd4-1aaa12dc6344,niches.gg,available,82.98,,low,low,6,namecheap,,
31ae2167-fdd5-4942-9a68-9103ebf58cfe,pulling.gg,available,,,medium,high,7,,,
6ad36578-0613-4a94-84bb-35f2731b031c,alternated.gg,available,,,low,low,10,,,
189ddfdd-8373-4554-b2a4-49229e09a6e9,DallasCounty.gg,available,,,medium,low,13,,,
ca09499e-3fb3-47c0-a6ad-6b4ad726b2c6,Wettingen.gg,available,,,medium,high,9,,,
36ff578a-aee6-4b2f-8f61-75dd38e22fb3,observance.gg,available,,,medium,high,10,,,
02af76b4-8a99-40f0-b763-9dd969e5daf7,hall.gg,resell,,,high,low,4,Dynadot Inc. (https://www.dynadot.com),,
da95a836-25db-48e8-be96-af86072b2388,maninthestreet.gg,available,,,medium,high,17,,,
30bbe26d-8b3e-4c98-9c10-f0075f6e3a0b,lipstick.gg,available,,,high,high,8,,,
6661e32d-97b8-4d8c-a5ac-d45937815d99,occurred.gg,available,82.98,,medium,low,8,namecheap,,
3c404614-4333-4b38-bf31-5f7976acc530,alotofbit.gg,available,,,medium,high,12,,,
c3999bc1-e598-41dc-80cb-57f913d06564,addictively.gg,available,,,medium,high,11,,,
9a100170-3144-4f08-8c41-be914eebf81c,Macneal.gg,available,,,medium,high,7,,,
ca1616a6-58b4-4a47-9634-c2e82ccc1199,superscripted.gg,available,,,medium,high,13,,,
e10d0b2b-089a-4c26-bb0d-f142d447bc9a,reebok.gg,available,82.98,,high,low,6,namecheap,,
8f0f51a4-a123-4fac-ada2-df7976bfb467,transplant.gg,available,,,high,high,10,,,
d19eb21a-7ced-42bb-b340-1a67ef5950bb,comptroller.gg,available,,,medium,high,11,,,
45db3507-fb36-4d30-aaee-b1d3f3bb4170,triumphed.gg,available,,,medium,low,9,,,
09bdffee-b23f-4cf9-9248-7bd5ae89b2e6,brasserie.gg,available,,,medium,high,9,,,
d0feaeae-ab29-4d16-9561-06feb2e2d7da,strategies.gg,resell,,,medium,medium,10,Enrapture Limited (https://enrapture.gg),,
5d882e48-51d9-4893-a43e-bb038c13e42d,breathless.gg,available,,,medium,high,10,,,
88a6bf4f-6c41-482c-be84-be4d6b26a6ea,followthecrowd.gg,available,,,medium,high,16,,,
5bb26a59-f4cb-47c8-8abc-519f37c750c2,eguidance.gg,available,,,medium,low,10,,,
4698c095-db77-4f26-abfa-2d8f2470bd93,Starbies.gg,available,,,medium,high,8,,,
de229ccf-22e4-4e5b-a82c-09506e0124b2,surrender.gg,available,82.98,,high,low,9,namecheap,,
ab410414-6fc8-42a0-8150-8e7898f8f6c8,lifeextension.gg,available,,,high,high,14,,,
df703888-f40f-4314-b7f4-d822a274a8ad,windowshop.gg,available,82.98,,medium,low,11,namecheap,,
ec6a4901-5b9e-4656-b1d8-c2c9f8c803ac,opel.gg,available,,,medium,high,4,,,
fa9b5ab2-3a41-4c65-9727-095043c3ca01,beachfront.gg,available,,,high,high,10,,,
e13fce3b-e99d-46ba-9027-cb4f0030a53d,pullstrings.gg,available,,,medium,high,12,,,
d0b7c6e9-daf4-4e65-9ec3-cdd61a50225f,doublestar.gg,available,,,medium,high,11,,,
947b8cb6-ef2d-43f9-8ae4-2048e5ddb355,bushairline.gg,available,,,low,low,12,,,
cdec1078-cd7d-49a7-a5f4-b0d9e801f42f,nightmare.gg,resell,,,high,low,9,Enrapture Limited (https://enrapture.gg),,
63205be9-474f-443c-8868-283b6532589a,whiphand.gg,available,,,medium,high,9,,,
c921e67c-e6ef-4f9b-b811-cf81c563bb07,volcanoes.gg,available,,,medium,low,9,,,
5e68f05b-c3fa-457f-955a-9005d068d69e,studying.gg,available,,,medium,high,8,,,
d5a98026-188e-4ed6-a56b-209623f44561,Chinesepaper.gg,available,,,medium,high,13,,,
f0633f62-eb8b-4e76-823d-3f7549d0d711,deadrubber.gg,available,,,medium,high,11,,,
f6576694-5918-4568-ae08-4976d2eeae2c,havehere.gg,available,,,medium,high,9,,,
6aafaf0d-d43a-4044-a741-b5ba46fb86be,waitstaff.gg,available,,,medium,high,10,,,
b294b1f2-995e-4ece-8f0f-2123e35d2a21,dessertbar.gg,available,,,medium,high,11,,,
3e4f8680-9dc2-4595-b672-57ce357abaf8,fiance.gg,available,,,high,high,6,,,
9598e155-f71c-4b4f-98ab-7a4894703067,wheeled.gg,available,,,medium,high,7,,,
a5d26faf-5ee8-4600-b3f1-714fdbe4ad03,WestEarl.gg,available,,,medium,high,9,,,
4d15d0a5-7fd2-49d3-8e45-921e9149d929,kitchenroll.gg,available,,,medium,low,12,,,
172c57cd-070c-4e6a-bddd-1961d94dae16,jewel.gg,resell,,,medium,low,5,Enrapture Limited (https://enrapture.gg),,
db391df0-a7ae-4706-bb1b-369ac0d5f301,kingships.gg,available,,,medium,low,9,,,
6407003e-3d63-4223-8211-151b6e466f0c,plays.gg,resell,,,medium,low,5,Dynadot Inc. (https://www.dynadot.com),,
aa6fef98-d05f-4812-970f-fc6949eb9267,hideaways.gg,available,,,medium,low,9,,,
a70728d9-4830-4baa-b7ed-83d3df17325d,madrassas.gg,available,,,low,low,9,,,
24232790-449e-40f3-ae1a-705948049529,gutreaction.gg,available,,,medium,high,12,,,
fb514942-a619-4f7e-baa1-deaa9f79066a,likenightandday.gg,available,82.98,,medium,low,18,namecheap,,
15df746d-7864-4cef-895d-a5015a36e111,Gloucestercheese.gg,available,,,medium,medium,17,,,
ddf93f17-bde8-4f4e-9fdf-6d0433e9e27e,barley.gg,available,,,medium,high,6,,,
4227da83-fcfc-4aba-91e1-998dffc533d0,hillstation.gg,available,,,medium,low,12,,,
c8527eb8-ca57-4b05-b984-71bca3012c50,mynahbird.gg,available,,,medium,high,10,,,
a99f1ee8-9ef6-458b-b8a7-b63ba201efdb,fuelled.gg,available,,,medium,medium,7,,,
0975e55f-3e33-491e-bae2-e7951c32b567,apprentices.gg,available,,,medium,low,11,,,
1913cf8f-85e0-4917-8128-8ad4669274a8,electricalcircuit.gg,available,,,medium,high,18,,,
a862049c-95d3-403c-ad85-f9f651346bea,indigo.gg,resell,,,medium,high,6,1API (http://www.1api.net),,
968dcf36-8d19-45c7-ad28-4e8947802700,redraw.gg,available,,,high,high,6,,,
07ba7c16-70fd-45ea-8910-ae8935bec8ee,byandby.gg,available,,,medium,high,9,,,
b3fb007f-9e9f-46e8-bd14-07f9c2c9ac6b,historic.gg,available,,,high,high,8,,,
b3e4b781-94fa-469c-ab21-c51681ead137,JuniorCircuit.gg,available,,,medium,high,14,,,
b19c3046-9b44-4d66-9f54-83432bda5c17,innature.gg,available,,,medium,high,9,,,
6a52fe32-6c53-4f1c-8b6c-0af28a34b968,drainpipe.gg,available,,,medium,high,9,,,
aafa30d1-e394-417e-b6f7-1a7728381b65,nutmilk.gg,available,,,medium,high,8,,,
14a94a95-d361-4adb-82c8-6626def5c96f,miniband.gg,available,,,medium,high,9,,,
165067a3-48b5-4d79-a49c-aba5c72eaa31,cerebrate.gg,available,,,medium,high,9,,,
d347e129-49f1-4ad3-9000-0a33b5a42a04,scholastic.gg,available,,,high,high,10,,,
26679bf5-3e73-4ce1-a788-45cbd11b8dd0,tickbox.gg,available,,,medium,high,8,,,
84322897-bc8e-4c4b-9afe-138003133e51,singsong.gg,available,,,high,high,8,,,
46ff6994-4fbf-41d9-a424-e4c791e7db86,browsers.gg,available,,,medium,medium,8,,,
b8baf9d2-a706-43b5-9add-3cb390488947,Greeky.gg,available,,,medium,high,6,,,
20a840a6-42d3-4494-ad38-c9bd6c260370,accresced.gg,available,,,low,low,9,,,
a2a8bf6c-520e-4215-aeaa-d72879a6ed9c,Finnishman.gg,available,,,medium,low,10,,,
d3cd06fb-1165-4576-a33b-02b242e39af5,catchafade.gg,available,,,medium,high,12,,,
094799b7-7942-4a28-8c9a-a352257366da,doppelganger.gg,available,,,medium,high,12,,,
aa5c7e24-2801-4df6-8a6f-bb2e6bacd525,howshouldIknow.gg,available,82.98,,medium,low,17,namecheap,,
2e251985-0a79-48ab-b01b-a2c8630eb985,lusty.gg,available,,,medium,high,5,,,
2a023057-426f-49e8-9507-28066f5b4576,pitfall.gg,available,82.98,,medium,low,7,namecheap,,
3534600f-f52d-4fef-b0cd-1bba692129e2,Pepsiparadox.gg,available,,,medium,high,13,,,
336d5f1a-b7e5-4266-91cc-c2cd5019fd5e,mammals.gg,available,,,medium,medium,7,,,
42baf23b-490e-42ad-a3cc-089098f88f0d,windfarmer.gg,available,,,medium,high,11,,,
aca5c54f-17d5-4a0a-a5f3-57bfffed0e0b,scratched.gg,available,82.98,,medium,low,9,namecheap,,
71546ed8-f9f8-4258-9d3e-a9d4e0ec9b9a,twofers.gg,available,,,low,low,7,,,
4b8e3915-3f15-49f3-9437-6185f8ad7502,Labradorretriever.gg,available,,,medium,high,18,,,
cc87c929-1cd7-462f-95d4-4766a0373c77,comefrom.gg,available,,,medium,high,9,,,
f50f2a74-494e-4775-ab0c-6f93457f2f12,crystalisation.gg,available,,,medium,high,14,,,
cf538945-e78c-4989-ab39-f943168abc02,driveoff.gg,available,,,medium,medium,9,,,
cf431200-56f9-4703-b774-594bee8d3382,billions.gg,resell,,,medium,medium,8,"humbly, LLC (http://park.io)",,
0c98d1fd-ade0-4a04-8c41-b747ab6ae260,lisbon.gg,available,82.98,,high,low,6,namecheap,,
43a89c8a-6768-4c46-a213-4d0071af0332,schoolteachers.gg,available,,,low,low,14,,,
9068c3fe-1b8b-4510-9971-2465125f90de,prokaryotic.gg,available,,,medium,low,11,,,
22278f2e-43e2-44e5-8c17-cc219da457ff,normalizer.gg,available,,,medium,high,10,,,
1ab1b67d-25df-4551-bfd7-eba1a16edc5e,Okinawadiet.gg,available,,,medium,low,12,,,
7725f7a7-bd80-45e1-8253-1ad05ca3af42,craftsy.gg,available,,,high,high,7,,,
2659e0f8-1e17-4b84-98c3-d9e7de5dbbc4,possiblities.gg,available,,,medium,high,12,,,
75c093b8-c8ad-42d7-9bc5-5dccaf11baa5,oscillator.gg,available,,,medium,high,10,,,
a4177558-e9cc-4e5c-8132-b007332010df,strikeprice.gg,available,,,medium,high,12,,,
c08963aa-9f9e-4f7e-b23b-13b73d6c1efc,covalent.gg,available,,,medium,high,8,,,
a09d361d-5e5a-4b9c-a01c-5c7d82904ea8,paramedic.gg,available,,,medium,high,9,,,
97e06cd9-8cc0-43c5-a4b6-a1840ef197d5,saladbar.gg,available,,,medium,high,9,,,
ebcb8bf4-66d5-4c17-acc2-eca686c55650,prong.gg,available,,,high,high,5,,,
0bf495e3-dbfb-424c-b9a9-108c1454d84a,silvery.gg,available,,,medium,low,7,,,
110e12f2-b92c-46ba-9a72-841f6870ccf7,fingertapping.gg,available,,,medium,high,14,,,
5c224625-c7c1-4adb-933e-6046f2922eb2,replaced.gg,available,,,low,low,8,,,
1bcac431-0fe1-40d9-bf31-1850b9c87113,marsupialmole.gg,available,,,medium,high,14,,,
96562366-f858-4b3e-8345-2cdb7ff8ea30,equilateral.gg,available,,,high,high,11,,,
4e4ef398-e64e-4532-87a7-ff012a6dfd50,LittlestoneonSea.gg,available,,,medium,high,18,,,
02abbbcf-6f69-47b5-b8da-2710d8478ccb,weddingdress.gg,available,,,high,high,13,,,
6ac101ba-5cd1-49d9-974c-ce34c73e319e,rabbinical.gg,available,,,medium,high,10,,,
1042d907-a202-4035-915d-0e111916e399,relayrace.gg,available,,,medium,high,10,,,
e53c5158-fd6b-45fa-b662-48a3cf4a8f89,holdcomewhatmay.gg,available,,,medium,high,18,,,
2272398a-29ab-472d-8aba-bff47df3cc2d,champagneflute.gg,available,,,medium,high,15,,,
5359c5f3-136d-4eed-a9c2-66199d8dba78,freetrade.gg,available,,,high,medium,10,,,
9b8f08fa-bbdb-45d6-b8ce-9a497703a281,softunderbelly.gg,available,,,medium,high,15,,,
0e634e9c-385f-43cb-bcea-1e5623f35998,guadeloupe.gg,available,,,medium,high,10,,,
281a1a8b-3346-481a-8e3c-c213ca964d90,doggystyle.gg,available,,,high,low,11,,,
3dc6dff7-ff0f-4b82-9f1c-d3d7c3597e33,goodall.gg,available,,,medium,high,7,,,
2d93ee37-9bc5-45ce-aeb9-50881de1d8af,thenagain.gg,available,82.98,,medium,low,10,namecheap,,
817b1f7b-d9ab-4c81-91dc-0a722a3d4b2a,touringmember.gg,available,,,medium,high,14,,,
d52df4ff-f979-4646-87a2-41131c1d3464,roaming.gg,available,,,medium,medium,7,,,
e15bf093-1b2a-44bc-ab94-2de53799d08c,awheel.gg,available,,,medium,low,6,,,
a1d83e17-e009-40c2-98f2-23503fa9aac6,indy.gg,resell,,,high,high,4,Porkbun LLC (https://porkbun.com/),,
cae0e200-9d80-41e1-8f01-1c4dcfc40bb4,leaninto.gg,available,,,high,high,9,,,
980c7d64-8482-42e0-aeef-b253d123de77,singular.gg,resell,,,high,high,8,1API (http://www.1api.net),,
9c7bb6bd-5f00-45df-97b2-4f075934caae,convey.gg,resell,,,medium,high,6,Enrapture Limited (https://enrapture.gg),,
ea1bdfdd-a330-4778-bb34-a5efc2b0befc,WestDevon.gg,available,,,medium,high,10,,,
00e32c00-3c93-4f01-bbe6-547acc725dfc,uncountableset.gg,available,,,medium,high,15,,,
b25ac362-2ce2-4a83-a832-cc80d0dcd7e7,lushly.gg,available,,,medium,high,6,,,
360aaa54-8926-4a8d-9613-6357f9a52cdc,provedore.gg,available,,,medium,high,9,,,
f98beccf-eb97-4bcf-b8c2-b72d926ad609,explores.gg,available,,,medium,medium,8,,,
16b4aa9b-8b18-4beb-98fe-3d1ffcaf77f4,pickingup.gg,available,,,low,low,10,,,
d4d8948e-b42d-4e54-8011-d6f0cb23d1ac,bootprint.gg,available,,,medium,high,9,,,
d5d407ea-76aa-4b84-87db-e72fe21638b0,astralplane.gg,available,,,medium,high,12,,,
ab74c800-d61f-4100-b8e4-5475280f9528,CVT.gg,available,,,medium,high,3,,,
34af9d12-0308-4491-abda-95f44cb0501d,fivepinbowling.gg,available,,,medium,medium,16,,,
ef703bb7-1cfd-4e2c-85c0-2e4425ea9624,macsalad.gg,available,,,medium,high,9,,,
07d0c265-332f-451c-9c6a-4ff85d0cbccf,financialswap.gg,available,,,medium,low,14,,,
552e6a96-a2e2-4802-874e-bb69977789b1,makeright.gg,available,82.98,,high,low,10,namecheap,,
95e32963-3218-4d33-ad1a-87bf270f049f,Tristian.gg,available,,,medium,high,8,,,
90bbf955-7fbe-4eac-ae28-6c0575b87464,FrenchGuiana.gg,available,,,medium,high,13,,,
e2d2a4b7-fddf-4605-824a-fbefc9b4ade0,goldofVenice.gg,available,,,medium,high,14,,,
0b7352a9-2fa6-4c37-976d-53dad9e38cd9,overstatement.gg,available,82.98,,low,low,13,namecheap,,
a1433976-de6b-43a4-98d1-16bc241bfe64,squinty.gg,available,,,medium,low,7,,,
4ef68641-0d09-4194-b22c-dcaab6556904,gargling.gg,available,,,medium,high,8,,,
e4939ef4-de99-4f0c-ab8d-7b224a5214ca,redpacket.gg,available,,,medium,high,10,,,
646958cc-7be7-4136-a22d-96f94ad0e262,residences.gg,available,,,medium,low,10,,,
7ebd13ec-b6fe-4901-8869-070a51eacfc7,gamow.gg,available,,,medium,high,5,,,
91052b2e-9514-47f6-95fd-b66e65d2835e,newscast.gg,available,,,high,high,8,,,
8e52a1bc-c4da-42c7-a8b2-6c53935d2ab0,trotting.gg,available,,,high,medium,8,,,
be000b42-2e96-4955-a5cb-3d4723df0201,tramtrack.gg,available,,,medium,high,10,,,
5bb3ea62-5ca0-4d5d-8c32-0f2ecec8fb09,kingoystermushroom.gg,available,,,medium,high,20,,,
ec4f661a-dacd-49a4-bcbe-8be966c233d7,scrubs.gg,available,,,medium,high,6,,,
f3732e24-1695-47ba-bb1d-4c5d5f2141d1,grandopening.gg,available,,,medium,high,13,,,
4940ac4b-cb4f-42cd-804b-a1b4c4543799,innate.gg,available,,,high,high,6,,,
7c369f0c-0a59-46a6-b012-548873a4a03c,unconditional.gg,available,,,high,high,13,,,
bc4757e3-cbc0-4ba7-a5fe-0a964a32c9d0,GreatRussian.gg,available,,,low,low,13,,,
2dd2237c-7576-41ca-afd5-185846c7821d,tollfree.gg,available,,,medium,high,9,,,
7f4a6983-a985-4c09-9d50-0b4f182f6e7b,outerear.gg,available,,,medium,high,9,,,
805d8e9d-a568-41cc-801d-fa7f85c6c0f3,Dutchmile.gg,available,,,low,low,10,,,
5cad011f-ac7f-4cc4-99c6-6b5d6c1bc360,spectrometer.gg,available,,,medium,high,12,,,
cf80d3ee-3108-48cf-9b75-bfe477adaef7,Ellinikon.gg,available,,,medium,high,9,,,
85e83281-223b-4e8a-8fb9-266bfd1e9cef,peke.gg,available,,,medium,high,4,,,
1ba15b15-5c1d-43b3-a573-d9cc0cd76ae9,childofthekitchen.gg,available,82.98,,medium,low,20,namecheap,,
11e44013-dc2f-41ab-bde6-8408ea31c8c5,makeinto.gg,available,82.98,,high,low,9,namecheap,,
397e8c13-ccba-4d4d-b34f-84cf940d1571,imago.gg,available,,,medium,high,5,,,
7d80aedb-a8cc-4095-812e-843687a070dd,dogfox.gg,available,,,medium,high,7,,,
89d25943-3f8e-406e-83be-d1528a3e1c62,sectional.gg,available,,,high,high,9,,,
a719b09b-cf9d-41f4-a0c9-af83ab50be2c,megastar.gg,available,,,medium,high,8,,,
ba62dfc7-f918-4994-b7e2-6587bc06924d,fivesix.gg,available,,,medium,high,8,,,
1bcc3904-08a1-4833-92be-0ae206db8cd4,disintermediate.gg,available,,,medium,high,15,,,
2c1b9bc3-ed78-41fb-82e1-66e4d0701339,foodpyramid.gg,available,,,medium,high,12,,,
b89c147a-1d2c-4c00-9911-4a8fa5cdaae5,stepchildren.gg,available,,,low,low,12,,,
fde4e549-5c7f-4651-b4cc-b136765f4247,hillclimbing.gg,available,82.98,,high,low,13,namecheap,,
04701dbc-a94d-4682-8037-aa2d085cf770,undersanded.gg,available,,,medium,high,11,,,
f3df7e93-32d8-4b68-b3de-d43c15d694b3,lightray.gg,available,,,medium,high,8,,,
c8c47266-977c-4797-a3ac-cb90b308b4dd,downwards.gg,available,,,medium,high,9,,,
0aa18dd9-3a8c-4f17-940b-ae48cd8c1a6a,phaseout.gg,available,,,medium,high,9,,,
db78eacc-7f44-49df-a22f-f6aa97110af2,payrespect.gg,available,,,medium,high,11,,,
ca6f68d2-6c62-455a-ab64-5166a6547c67,icebucket.gg,available,,,medium,high,10,,,
eec0f7dd-eb61-4596-96c0-7b230faa808d,seamed.gg,available,,,medium,high,6,,,
b9a1692c-1df2-494b-97a7-6055646c701d,Chimpcago.gg,available,,,medium,low,9,,,
2677f9af-cb06-424b-bfac-c97ca9cbef57,unbearable.gg,available,82.98,,medium,low,10,namecheap,,
344c9591-0ad0-44f7-89d6-a64e3160f5dd,sago.gg,available,,,medium,high,4,,,
0f0a6006-d48f-4424-8d86-f1a48c9e311a,tablebeet.gg,available,,,low,low,10,,,
b27f47ca-4127-43c6-9cb3-c8e8cbd354c2,Kitchewank.gg,available,,,medium,high,10,,,
ad6e5960-60ae-4f10-b922-3541089478de,wrinklefree.gg,available,,,medium,low,12,,,
cdc40f68-89c6-4944-b7c3-beb722a61126,adjustmentdisorder.gg,available,,,medium,high,19,,,
32c22b56-0df3-415b-bad8-6fa978a0beca,luncheon.gg,available,82.98,,high,low,8,namecheap,,
50d692ba-ac74-49d8-b825-0d51eff2448a,religions.gg,available,,,medium,low,9,,,
25254951-7b7f-4df4-a2e3-94d4207f8163,nuclearfamily.gg,available,,,medium,high,14,,,
bc1969d6-d6f3-4281-92a2-16a85a801adf,goldballs.gg,available,,,medium,high,10,,,
e97df0d5-beb4-4c62-80e2-298703445431,aikido.gg,available,,,high,high,6,,,
6ce45639-367a-4dd0-8b1a-267987c48c88,zygomatic.gg,available,,,high,high,9,,,
46f67b42-24ba-4620-b3a8-1edcd8dd0bc3,Kizilsu.gg,available,,,medium,high,7,,,
ec6e4a7d-1c57-46a1-87cf-074e9b974080,percuss.gg,available,,,medium,high,7,,,
a076a51d-2721-40dd-ad97-3510f10c54c6,buildable.gg,available,,,medium,high,9,,,
6b8b188b-8f07-48c7-a921-f4d7459a90db,billiardball.gg,available,,,medium,high,13,,,
d5ea783e-25ad-40eb-a01e-4398a43b9056,pointsofsale.gg,available,,,low,low,14,,,
14e4d227-d7f6-4af4-ade2-20219436f798,discbrake.gg,available,82.98,,medium,low,10,namecheap,,
d5473d9c-611c-4699-945c-d7cad85ee4ea,grandaunt.gg,available,,,high,high,9,,,
ff71c637-98a1-4684-abe8-22d6732abff5,worksafe.gg,available,,,medium,high,9,,,
81609d23-bdee-463d-a578-874cd81d847c,popsout.gg,available,,,low,low,8,,,
246ef894-1170-4f86-94a4-9aa927d02fe4,homebuilders.gg,available,,,medium,medium,12,,,
98fae563-694f-44c2-82a3-36516dd5afa6,dialogues.gg,available,,,low,medium,9,,,
5d6c1dd2-5f69-4e00-a818-2c9079313aaf,maidenly.gg,available,,,medium,high,8,,,
bf0a3104-609e-4e32-b556-560de70c5a72,NewPrinceton.gg,available,,,medium,high,13,,,
860fbd5b-5b3f-467c-93f5-8cb5829d2ba6,hygiene.gg,available,,,high,high,7,,,
2c15e9a8-729f-4279-9f46-aedb9503d930,typewrite.gg,available,,,medium,high,9,,,
8bd4ef69-503a-4fb5-85d6-c1ef374bec03,houston.gg,resell,,,medium,high,7,1API (http://www.1api.net),,
72b4f8f3-dabc-4859-9757-d07b9d279476,stillborn.gg,available,,,high,low,9,,,
379ce47b-0d20-423a-8280-f0f52d1fe2aa,nearly.gg,available,82.98,,high,low,6,namecheap,,
b19b68cf-30ce-4a5c-87a9-69b396377f82,pairings.gg,available,,,medium,high,8,,,
3cbabb28-eecb-43c9-bcba-33401f8abc1e,stonecutter.gg,available,,,medium,high,11,,,
b7d0321a-07fd-4af1-8424-e4daaf113f34,countononehand.gg,available,,,medium,high,17,,,
ac683893-3a27-4d9b-a1ec-7f8c41c9383d,slobland.gg,available,,,medium,high,8,,,
25abb8c4-8121-4f14-b947-7e0c28638b5c,policyholders.gg,available,,,low,low,13,,,
1c2f573e-87a6-42fb-8e71-0fa7894de33e,woodpulp.gg,available,,,medium,high,9,,,
019b5152-27e7-4773-aead-843c1ac114be,pokethebear.gg,available,,,medium,high,13,,,
2a1f2c54-13e4-4440-b0db-0b4020b2571c,reading.gg,available,82.98,,medium,low,7,namecheap,,
b0e49ceb-7a54-4ce1-a5d5-c50563004194,stemware.gg,available,,,medium,low,8,,,
417323cf-4d4f-4c9a-8bd3-7381678b2744,biteattheapple.gg,available,,,medium,high,17,,,
d85c61b6-5412-4408-b22a-d6007e153b8e,Chinesechikwando.gg,available,,,medium,high,17,,,
58626117-95bf-4d37-87dc-6ab241e3d236,addressbooks.gg,available,,,low,low,13,,,
471556c3-ce23-400a-9795-bda9ba1244a4,unconfined.gg,available,,,medium,high,10,,,
87eb6f40-f21c-4360-a05b-1aaf28366bb9,LordofHosts.gg,available,82.98,,medium,low,13,namecheap,,
1a65ded2-a530-42fc-83e9-96667695401c,keynoter.gg,available,,,medium,high,8,,,
37a20b35-c384-4e49-ad64-2b5ce37981f8,shortorder.gg,available,,,medium,high,11,,,
35429b14-bc05-441b-b6cb-8ed04e555c0b,dowithout.gg,available,82.98,,medium,low,10,namecheap,,
886ed4e5-4eec-4fba-86d1-247b17955996,incentivize.gg,available,,,medium,high,11,,,
33577314-4c9a-45ca-abda-925beb5122ce,fallingtogether.gg,available,,,medium,high,16,,,
babf3622-fd9f-4a98-8715-8d4729077b20,dosvidanya.gg,available,,,medium,high,11,,,
2944f3e1-df08-46a1-8f72-6f235e7be322,minutia.gg,available,,,medium,high,7,,,
de41aa80-ddd9-4d99-89cf-73f893c448e5,Freeda.gg,available,,,medium,high,6,,,
436b8c59-6764-45c7-94bb-70c254a2a433,ouroboric.gg,available,,,medium,high,9,,,
0e2f50eb-b28e-4a45-bdeb-68b393e72598,broadchurch.gg,available,,,medium,high,12,,,
c4b1f444-1d12-4b38-b6b4-8652ce958358,dippy.gg,available,,,medium,medium,5,,,
6838c70e-06df-42b1-8879-b00078173c0c,tracing.gg,available,82.98,,high,low,7,namecheap,,
081f2f1a-6969-4eab-af92-a394f81a04ec,citrous.gg,available,,,medium,high,7,,,
e5b59ab6-b123-43f5-909b-d3e1be74562d,Kyrenia.gg,available,,,medium,high,7,,,
bdc33aa8-0388-4572-a3d4-be38c1b0c328,cherrypop.gg,available,,,medium,high,10,,,
5a5e2359-a94c-4e9b-b320-bfd5e77c4251,Kennedyplea.gg,available,,,medium,high,12,,,
2dee6d39-b4dc-4cca-8a50-6e871313e94b,wordinitial.gg,available,,,medium,high,11,,,
c276bafd-36a7-4101-b4b3-8a72e4f20961,bankparlour.gg,available,,,medium,high,12,,,
c9dc1159-ed87-46f7-8402-3f9d606017d1,cormorant.gg,available,,,medium,high,9,,,
3c216f37-9302-415b-a9a0-26a088c2bdf9,authoroflife.gg,available,,,medium,high,14,,,
cee4120a-7973-4a45-8624-661806000b1c,epitomise.gg,available,,,medium,high,9,,,
c2cc014b-2a19-4f8d-acfa-1b470edab642,brooding.gg,available,,,high,high,8,,,
6d24446d-47cf-4b7c-99c9-8c1d9a8da600,racemusic.gg,available,,,medium,high,10,,,
65eb8030-e536-444c-aff8-84896ab410ad,suburban.gg,available,,,high,high,8,,,
6c2f02b5-1d2e-43de-b54e-6461e1f9dbd7,bumpup.gg,available,,,high,high,7,,,
c85afea6-267a-4843-ab2a-8d2ab0a6530b,Killaloe.gg,available,,,medium,high,8,,,
53e2bb37-5254-4fc0-a014-aac1a06db148,blockgrant.gg,available,,,medium,high,11,,,
ac24f94f-27a1-4a61-90b6-9d019bf2ac51,cottonseedoil.gg,available,,,medium,high,14,,,
46cd30ca-0c04-425a-8730-72e1b3de017b,investmentletter.gg,available,,,medium,high,17,,,
ad92a764-9cc5-4858-bfc3-22445a412834,surfboards.gg,available,,,medium,low,10,,,
f8dc6490-0ec3-4b66-bb5e-e08b7e6d4c35,strawberryred.gg,available,82.98,,low,low,14,namecheap,,
567d180a-be4c-4778-915a-fbd485769def,newsevent.gg,available,,,medium,high,10,,,
7df408f9-2505-4830-85f5-801a4d76a89f,hairywoodpecker.gg,available,,,medium,high,16,,,
cd6968b5-3000-4798-9781-c6aaa5f86914,Orientalroller.gg,available,,,medium,high,15,,,
b3030df8-27be-406a-b05b-bf96d86991ce,arpeggiando.gg,available,,,medium,high,11,,,
d37afe34-cf3a-4389-9ecc-d9efa246e6a6,plotted.gg,available,82.98,,high,low,7,namecheap,,
ac70f856-f934-42c2-98ef-660719d8e850,housewife.gg,available,,,high,high,9,,,
17132ead-8a47-41d2-89b4-04c4fa41168e,contributions.gg,available,,,medium,high,13,,,
346a5781-a210-4913-8749-332033df523b,getoffatRedfern.gg,available,,,medium,low,18,,,
77c58ec5-1b26-4eb4-b23c-ffb417eed8dd,highbloodpressure.gg,available,,,medium,high,19,,,
5e8d9c22-b8d9-4b09-a7b3-d918ebfaa9ca,neatandtidy.gg,available,,,medium,low,13,,,
0bc75716-434b-4dbd-9785-55bedbf76311,leadrole.gg,available,,,medium,high,9,,,
b40d31a0-36e6-4978-97de-0878faf35872,thimble.gg,available,,,high,high,7,,,
b3ca2da1-c686-4c97-9f2d-7ed3f66a139a,frau.gg,available,,,medium,high,4,,,
e6ba9291-9466-40a3-8fd5-ffe2d1a65994,boundlessly.gg,available,,,medium,high,11,,,
b6f65d2f-0fe4-4ca1-8ddf-180a09d635b6,medivac.gg,available,,,high,high,7,,,
01b7f40d-5536-43d3-a2bb-b548e18d2945,groundstroke.gg,available,,,medium,high,13,,,
e2819f6c-d044-4f4c-a662-9057feb3053d,BowesPark.gg,available,,,medium,low,10,,,
eaa33fbf-accd-4898-b261-5a68ca72683c,lettersrogatory.gg,available,,,medium,high,16,,,
34a0674b-d15e-4311-88dd-0a26ef71212d,deciders.gg,available,82.98,,medium,low,8,namecheap,,
19d7c946-bedd-478e-a6eb-7c59c4fb18e9,buthey.gg,available,,,medium,high,7,,,
bcf2b6bb-914a-4e06-8a9f-68cbf6f900af,firearms.gg,available,,,medium,high,8,,,
e2b925ee-dfff-45fd-befa-ab0b3cb33026,motility.gg,available,,,medium,high,8,,,
50a6f64a-2b89-486b-8521-4278a2af3978,readreceipt.gg,available,,,medium,high,12,,,
169dfd76-a835-4101-aa79-81e6e46e2f24,tantalizingly.gg,available,,,medium,high,13,,,
98a3097b-ab17-4d2a-ba6e-be533bd5a57d,arrived.gg,available,82.98,,medium,low,7,namecheap,,
b92acbc3-73fd-4888-ae93-29f8a779c9be,creamsoup.gg,available,,,medium,high,10,,,
5cfb990b-b659-46c4-9b37-7591b3adf9ae,flatrealmode.gg,available,,,medium,medium,14,,,
e1bd9a34-d4f9-418f-922c-bdbcf4ae60ec,grower.gg,available,,,medium,high,6,,,
c27b0ca0-80e8-4f6f-acc7-481020191b5f,totheletter.gg,available,,,medium,high,13,,,
376d3727-108d-4afb-aeb9-03decd72707a,investmentbank.gg,available,,,medium,high,15,,,
377c4b65-e008-479c-bb80-cc19967a4e0b,paternitytest.gg,available,,,medium,high,14,,,
8186890d-8729-4e1f-b5a1-814fc2e3e611,affluence.gg,available,82.98,,high,low,9,namecheap,,
df50cd59-80ab-443d-b7ab-5baa9336e7c7,policecar.gg,available,,,medium,high,10,,,
c08fcda2-24e4-4410-a4e1-55b6e4e9b16e,routinely.gg,available,,,medium,high,9,,,
4c86b1a8-ee53-459d-a2b3-f7e2220f49ad,cognize.gg,available,,,medium,high,7,,,
7351c740-422b-4ae3-b07d-3e919f64e304,propertyowner.gg,available,,,low,low,14,,,
280eab0b-2e0c-4151-bfcb-542df0261dd8,prudent.gg,available,82.98,,high,low,7,namecheap,,
4255cccd-3662-4ad6-9808-e0c416c6b3ba,environmentfriendly.gg,available,,,medium,high,20,,,
fe6f68a2-fe07-445d-81e4-2082f6954fff,spicebag.gg,available,,,medium,high,9,,,
807a8adc-483f-4b1f-b29a-be4ec5caa88a,analogsignal.gg,available,,,medium,high,13,,,
8e6489f9-0902-4254-adb5-eec577409617,invoked.gg,available,,,low,low,7,,,
19b11cab-00da-4b05-9064-45aee8d495c3,goldennumber.gg,available,,,medium,high,13,,,
4e9938c6-3a01-4c8b-a347-ae17f739345c,optimized.gg,available,,,medium,medium,9,,,
332a0abf-5f87-4248-bac8-439c961ab3a7,deepecology.gg,available,,,medium,high,12,,,
8b1bda85-da9a-4f96-b554-9227a3f2836d,beadlike.gg,available,,,medium,low,8,,,
3b2d4f5c-1cc4-410b-9873-6fef5d6ff055,dower.gg,available,,,medium,high,5,,,
4bc24f36-2b84-4a50-934b-17bb5b27f51d,KingdomofSweden.gg,available,,,medium,high,17,,,
423de864-d620-43bd-a660-0f811ba5d6d4,paparazzo.gg,available,,,medium,high,9,,,
5cbb4b53-c446-4bee-a65c-202e49242c98,resumed.gg,available,82.98,,low,low,7,namecheap,,
0db3910c-f415-4092-a8f2-438f4e4fa6be,dickensian.gg,available,,,high,high,10,,,
86d11162-620b-433f-a8d7-b3f882a9de8b,mind.gg,resell,,,high,high,4,1API (http://www.1api.net),,
81eb9716-2c3e-47d7-acdf-fc18757b6f40,quartette.gg,available,,,medium,high,9,,,
5008f747-5801-4062-9e18-036b4857cd3f,accreting.gg,available,,,low,low,9,,,
af4445ed-1c6d-46df-90a8-b6a09290a7a8,jointventure.gg,available,,,medium,high,13,,,
e7cb404f-5e0c-4372-a9fa-86614d905783,stagebystage.gg,available,,,low,low,14,,,
d0ec6ffa-cee8-46a3-97c7-af5b4ae2caf3,NKR.gg,available,,,medium,high,3,,,
3d8a223d-7917-43c2-88dd-847681f4b36e,ecoliterate.gg,available,,,medium,high,11,,,
fb692263-0719-410d-8c40-613f5d657dcf,clothesbrush.gg,available,,,medium,high,13,,,
c0ce50c7-0023-46f9-afec-7636869d6632,statistic.gg,available,,,high,high,9,,,
f05f898d-b7d1-4a28-9774-43ffac9d3df1,acinetiform.gg,available,,,medium,low,11,,,
2d88cab3-1160-4622-98f4-8a79f5f892cb,fireextinguishers.gg,available,,,medium,medium,18,,,
0ad5335a-96e6-4d7d-b8dd-5bd967476c01,bulliness.gg,available,,,medium,low,9,,,
a394c78a-dd0d-4edb-87b3-6bb3e399743a,supplementary.gg,available,,,high,medium,13,,,
939eaad9-f2c8-4aab-9014-a8541f97509c,Singlish.gg,available,,,medium,high,8,,,
fc45e5f7-179e-43c5-bca2-ef2adf5f54e1,acicular.gg,available,,,medium,low,8,,,
41796905-f819-495d-ada3-514338b9bb39,centreoflift.gg,available,,,medium,high,14,,,
7c2417a2-a1ba-4182-9fc7-74f270d44501,existing.gg,available,82.98,,medium,low,8,namecheap,,
6e412469-5d5b-464d-af32-bfb69aa497f4,cataloguers.gg,available,,,medium,low,11,,,
f8291851-050b-43b8-ab72-d23044c0c6a8,grander.gg,available,,,medium,medium,7,,,
a5a72d0f-df00-40a6-ba48-fb6f0ea85209,exceptionhandler.gg,available,,,medium,high,17,,,
fdb00221-3327-4760-b4be-7f67f61b1d15,resolvable.gg,available,82.98,,high,low,10,namecheap,,
aee66b22-25c7-4982-90fd-9ca10a9efd09,humblebee.gg,available,,,medium,high,9,,,
3be4bafe-9eb5-495d-92fe-9c754e9d2496,boxmotion.gg,available,,,low,high,10,,,
0c2be3d0-5479-4095-8727-fdf0bce9d580,classically.gg,available,,,medium,high,11,,,
e5c1c86e-a741-4791-99d2-4f5aa37537ef,tickoff.gg,available,,,medium,high,8,,,
0f5389ce-726b-468d-864f-324058550f7e,nipper.gg,available,,,medium,high,6,,,
20aee5d2-49d7-4855-968a-8dbbcc8aec6e,longdrinkofwater.gg,available,,,medium,high,19,,,
fe75f452-6acb-4f85-94fe-32ac3d927716,hardworking.gg,available,82.98,,high,low,11,namecheap,,
9b7ddeda-3d14-4e2d-ba6a-726143aa754f,ConnectedCity.gg,available,,,medium,high,14,,,
fa29a3d4-57ae-45b3-83a9-3a004c5eefc5,SanMarcos.gg,available,,,medium,low,10,,,
7e2fedae-13f1-4e40-8684-bf1c35bef38d,airjail.gg,available,,,medium,high,8,,,
a545c485-6348-4d14-93fd-487110948769,insuranceadjuster.gg,available,,,low,low,18,,,
f0488480-f11d-4cc7-99d3-d7b6de8a2737,greenteacake.gg,available,,,medium,high,14,,,
597b5e11-4f8e-4691-ba68-6f18f403ffbf,mushrooms.gg,available,,,medium,medium,9,,,
b80d91c0-21ce-4304-b6ae-be124f466500,casinocapitalism.gg,available,,,medium,medium,17,,,
bffefcbe-1e97-4c2c-908e-b958c5ecb3ef,patrician.gg,available,,,medium,low,9,,,
af0207d5-3cf3-400b-aaf9-05bb3c0368d5,quickness.gg,available,82.98,,high,low,9,namecheap,,
7fd2444a-cb9d-488a-b6a4-ce88f5c9383c,nobleness.gg,available,,,medium,high,9,,,
facb2616-1dc6-4243-b96a-8cb8b28ef51d,HisWorship.gg,available,,,medium,high,11,,,
6123cead-59ab-4371-8706-580dc16b1707,abjudicating.gg,available,,,medium,low,12,,,
c5ca30ef-4eae-46c3-adc2-1572de0986e1,varicoloured.gg,available,,,medium,low,12,,,
6d422fd6-f35a-459e-89b7-ec1b941a5fb5,spellingword.gg,available,82.98,,medium,low,13,namecheap,,
7f915b31-71a5-4104-9240-ef8574504931,beatall.gg,available,,,medium,medium,8,,,
eddb9012-802a-4e37-9d62-0e2b03aba46b,partiality.gg,available,,,medium,high,10,,,
33d7ce75-7bda-4b99-8f46-458aaf895ff0,familymeal.gg,available,,,medium,high,11,,,
0fecc570-b60a-4220-a1d9-68721656262c,groundstateenergy.gg,available,,,medium,low,19,,,
9775808b-6f30-4c33-9801-2496c7c85f23,likeforlikesales.gg,available,,,medium,low,19,,,
666ec74f-b479-41c5-af97-b6d476eae843,VanGoghs.gg,available,82.98,,low,low,9,namecheap,,
02646644-6f11-4072-ba77-e640c7b7e4b3,IOC.gg,available,,,medium,high,3,,,
914bc1af-5307-4776-90ba-7e970dcf0994,pundit.gg,available,,,high,high,6,,,
3c0ea6d7-6398-4388-b710-4ab0251c2add,placate.gg,available,,,medium,high,7,,,
5c5c14d7-36e2-4530-9e16-856f2ac17093,postie.gg,available,,,medium,high,6,,,
cb4f0515-6853-4e73-821a-4cef241d9772,aldopentose.gg,available,,,medium,high,11,,,
501abaf1-fae3-4a1d-842c-499ccd17970f,Indianpeafowl.gg,available,,,medium,high,14,,,
be574a7a-5e04-4e6e-88e0-b27dae876edd,Dmitriy.gg,available,,,medium,high,7,,,
0341ebb2-5bea-4a76-83ff-4893536a7d14,funfilled.gg,available,,,medium,high,9,,,
107f82ed-fe87-4129-b309-7ccb10cc2876,succulent.gg,available,,,high,high,9,,,
b8d01cbc-f802-46fd-9f10-1c75b10d1d02,billeting.gg,available,,,medium,high,9,,,
6bacdf5d-66d1-4725-a60d-e6ab19bd8b86,pistachionut.gg,available,,,medium,high,13,,,
24b9437c-8124-42c2-a161-7f6ff3f2c77a,seacoast.gg,available,,,medium,high,8,,,
a7a27845-450a-4c08-9ed6-14da2fcc0e63,shutterbug.gg,available,,,medium,high,10,,,
6205d859-654c-49b5-a15d-a26ee6107302,midstout.gg,available,,,medium,low,8,,,
9488ba96-d9bf-42d6-8826-e9b66475c70b,impregnable.gg,available,,,medium,high,11,,,
002d4d67-78ed-4b5f-b5f7-26985e7a1802,exultantly.gg,available,,,medium,high,10,,,
47445e0d-61e4-43fb-8786-902d86acece1,prefab.gg,available,,,high,high,6,,,
cf65a6be-6bec-4adc-9544-9403061e36a5,oddly.gg,available,,,medium,low,5,,,
7df9d616-5aed-4a31-bbc7-53793cf49fb8,nextto.gg,available,,,medium,high,7,,,
9aeee377-29fc-4183-b770-5fa0541d17a1,chessrating.gg,available,,,medium,high,12,,,
6c87424f-304c-48ea-9613-15115c67d107,mount.gg,available,82.98,,medium,low,5,namecheap,,
95e853e3-4f57-46cf-b707-d0f08db4cf76,jilabi.gg,available,,,medium,high,6,,,
a9fa950d-f99c-4ced-8f94-c7171ede9b40,buddymovie.gg,available,,,medium,high,11,,,
6b0364a1-cb70-43b7-ae3c-021889934bbc,hotpants.gg,available,,,medium,high,9,,,
cddc1c76-76bc-434b-916b-800bcdca058d,ingraft.gg,available,,,medium,high,7,,,
34b659f5-8048-4c69-b680-6e11ce34231d,draped.gg,available,,,medium,high,6,,,
6bd8ad43-7ea2-452c-b39f-a993d9f75aec,midspan.gg,available,,,medium,high,7,,,
1f797286-706c-4000-98fb-b1d469bc6353,airframe.gg,available,,,medium,high,8,,,
9b2b6999-e49e-4f49-bf76-e6e34fb8f2b0,dessertspoon.gg,available,,,medium,high,12,,,
3488fe6b-65b0-4e58-90f9-68f6e16a93c3,manofthemoment.gg,available,,,medium,high,17,,,
aac1234f-6534-4ab7-9f5d-10a663217675,hourglass.gg,resell,,,medium,high,9,"Spaceship, Inc (https://www.spaceship.com)",,
48945a03-351c-446f-8477-bab9a56e7c4d,tide.gg,resell,,,high,low,4,Enrapture Limited (https://enrapture.gg),,
99ddcb73-b1ac-44cc-9595-200180c9d2f5,speedflying.gg,available,,,medium,high,12,,,
4c36da3f-467e-4fa5-a9db-1eb28e6a5e2d,cheaply.gg,available,,,medium,high,7,,,
d4a3e0a6-101c-4783-9b94-7ed8aacd4d75,redeems.gg,available,,,medium,low,7,,,
bbb85dce-06ed-4b17-a53b-3575348ed903,anhydrous.gg,available,,,medium,low,9,,,
e1ea80b2-7a44-4475-8662-3a741141d678,provisionals.gg,available,,,low,low,12,,,
b9d245c9-56a9-428c-86e7-32d7019de011,onthewhole.gg,available,,,medium,high,12,,,
298a2df8-ad5a-4a16-a1bd-132f0872f34b,howareyoudiddling.gg,available,,,medium,high,20,,,
b59b8974-f397-4943-bb92-6ee8be5a876f,recognition.gg,available,82.98,,medium,low,11,namecheap,,
284ed45a-a4b7-4908-ad9a-a73d1de0f865,Daegu.gg,available,,,medium,high,5,,,
d6362ebf-8c90-4919-9d49-0033de477197,coolheaded.gg,available,,,medium,high,10,,,
1a8a57ef-d86f-41af-88d2-62ff8db6142c,jehovah.gg,available,,,high,low,7,,,
813b4bc2-5e86-4eef-bb9f-564b4af0119f,sixteenth.gg,available,,,medium,low,9,,,
d1fe0671-41a1-494a-b4ea-579f571cf6e9,greatimitator.gg,available,,,medium,high,14,,,
102b96f0-1b11-4e86-8cda-67f3519ce200,Kirkconnel.gg,available,,,medium,high,10,,,
1f4c0bfb-f484-4577-8f42-d21a20beb9d7,crustacean.gg,available,,,medium,high,10,,,
83a265b8-1c42-4852-8eff-25f4f1add493,hotbottle.gg,available,,,medium,high,10,,,
66cdab37-0c67-4cb0-9309-2c0089db7537,promoting.gg,available,,,medium,high,9,,,
a438ab24-308e-424d-b8d7-356d36c2b96f,UNSCOM.gg,available,,,medium,high,6,,,
564e4e9a-c6d5-416f-85bb-5b49dc05daa7,annulate.gg,available,,,medium,low,8,,,
cb154c1f-400a-42b0-add3-6539a3f866d0,fillip.gg,available,,,high,high,6,,,
5ccae5cb-6039-410b-ad64-0e5322cf4689,applies.gg,available,,,medium,low,7,,,
9cbfd1d1-24c5-4542-a86f-4a2f0ab1e124,toandfro.gg,available,82.98,,low,low,10,namecheap,,
bd5525e8-8862-44c0-9dff-ebca2561059d,ghostship.gg,available,,,medium,high,10,,,
742bb3f9-8833-4b86-aa36-81d40d225300,godeep.gg,available,82.98,,high,low,7,namecheap,,
e7632143-01f2-45f0-a817-7652e6237af7,havetheadvantage.gg,available,82.98,,medium,low,18,namecheap,,
2cdce9cc-831d-4428-8538-58ca022883a5,waterrat.gg,available,,,medium,high,9,,,
9eceb966-e432-48e4-8932-5422335fdfb8,photographer.gg,available,,,medium,high,12,,,
df350812-d8c4-4f21-8249-ecc61c15a98a,windfarming.gg,available,,,medium,low,11,,,
9fd930a7-2fb3-4f1c-b529-8a3800260e26,foodstylists.gg,available,,,medium,low,13,,,
7779cc1c-6ada-4bcc-97a6-7faf66fe2a67,capstans.gg,available,,,low,low,8,,,
653494a1-a5a2-4e68-a18a-72df8a7da7e5,plumbrandy.gg,available,,,medium,low,11,,,
8ef837cc-2d47-4a38-a1db-96496266dc86,thunderstorms.gg,available,,,medium,medium,13,,,
efac9af8-8e37-4c7d-9981-d5dd54d0416d,loma.gg,available,,,medium,high,4,,,
6d65d341-4107-4233-a3ed-0828c04085a7,brevity.gg,available,,,medium,high,7,,,
aba00e60-c4c0-4d8c-bf9e-7b5e1ebc655e,inhibition.gg,available,,,medium,high,10,,,
cdc6fc32-9738-4071-8112-acee975e3f64,realise.gg,available,,,high,high,7,,,
2dee25b4-fd3c-4bab-a5af-0cdc370e2bab,donebrown.gg,available,,,medium,high,10,,,
0f0bcf54-b998-478d-82f8-6d9aec8bb12e,claretcup.gg,available,,,medium,high,10,,,
62ed7c02-57a0-43a3-94b8-6064fd1c78a3,unhitch.gg,available,,,medium,high,7,,,
5e81e30d-7b03-4f13-bf4b-a56a1d486adc,hardreboot.gg,available,,,medium,high,11,,,
3e047084-8d26-4c40-93fd-9ca07df41c43,beergoggles.gg,available,,,medium,high,12,,,
0c8d6ff3-d2fa-460d-9011-44c39d5610ad,centrioles.gg,available,,,low,low,10,,,
19f22161-90d0-4f27-b11c-97b25b34349b,waco.gg,available,,,medium,high,4,,,
ffa32727-2eec-4eb7-8af0-ba7b030336f5,graduateengineer.gg,available,,,medium,high,17,,,
93c10c1c-744d-4412-b2d7-3ba591a41ddb,carbattery.gg,available,,,medium,high,11,,,
eab03d08-0473-4993-83c9-e360e76be12b,outdoorsy.gg,available,,,medium,high,9,,,
b86bb876-9fa1-45c2-acf8-93868434484c,swaddle.gg,available,,,high,high,7,,,
3827c15a-2fff-4e80-8c5f-9363c42ae12b,medusa.gg,resell,,,medium,high,6,Dynadot Inc. (https://www.dynadot.com),,
4c295dd7-2320-4072-9b72-999edda7fb84,physique.gg,available,,,medium,high,8,,,
fe4c7fc0-6109-4d53-b5fd-e0971af9708e,fullride.gg,available,,,high,high,9,,,
8900dfbb-a80f-4697-bf7b-647f64c413ac,cartoonery.gg,available,,,high,low,10,,,
6b659fc1-b568-4fa8-9e1c-f3f99306464a,underpinning.gg,available,,,medium,high,12,,,
26c20a59-f04f-495a-8e0a-eae66e8e2ae8,zweikanter.gg,available,,,medium,high,10,,,
e041ad9c-cbcb-4aff-a203-205ef6eeba59,parliamentary.gg,available,82.98,,medium,low,13,namecheap,,
eacfedcf-e756-447a-8a70-ae9b96c8980d,caipirinha.gg,available,,,medium,high,10,,,
383f80ee-aa53-49c3-8c50-18c6f042cdd5,gobackalongway.gg,available,82.98,,high,low,18,namecheap,,
6e912b11-08d5-4e77-a50c-f98ad365adf5,doyenne.gg,available,,,medium,high,7,,,
f86801da-21c0-41fb-87b5-59be5f2fce97,precognition.gg,available,,,medium,high,12,,,
f1da029e-9ead-4470-ba92-58b7c1b6a28f,accommodationhouse.gg,available,,,medium,high,19,,,
2423da91-c735-408f-bcd6-4b9683e7a70e,considerable.gg,available,,,high,high,12,,,
9da1d266-1711-41b7-b794-7cc722260dcc,Auray.gg,available,,,medium,high,5,,,
05690729-b63c-4621-b735-51d61945b6cc,conformist.gg,available,,,medium,high,10,,,
84f135e4-7be9-4977-97d8-7bf6c4829f93,Kingussie.gg,available,,,medium,high,9,,,
448b9c2f-e6ca-4e1e-af5f-c9ef79df7362,twinhull.gg,available,,,medium,high,8,,,
eea45e67-37d2-464e-97f0-914c767b3f75,flyopen.gg,available,,,medium,high,8,,,
d63305fb-9506-4440-a640-6503b0b911d5,electromagnet.gg,available,,,high,high,13,,,
fb0bf05d-8c1f-4d06-89db-cbac96098720,bringhomethebacon.gg,available,,,medium,high,20,,,
2ff51531-55c9-4e8b-8044-b84213af9a11,spawncamp.gg,available,,,medium,high,10,,,
b0169a89-31eb-4cce-8745-058ca6282ec8,watermemory.gg,available,,,medium,high,12,,,
7f9c9d91-84aa-42e3-b11b-d2715b7af297,bulletpoint.gg,available,,,medium,high,12,,,
2dcf9190-e829-4442-abb1-3c77adaf87df,fightchoreography.gg,available,,,medium,high,18,,,
b238e3a5-b004-479f-8955-20d68683086e,rosered.gg,available,,,medium,high,8,,,
b807b7ca-5bba-4b2b-827a-a8cbb01808c0,arthistorian.gg,available,,,medium,high,13,,,
8f735e9f-b598-4ea4-b47b-4eca06410fa7,clearfilter.gg,available,,,medium,low,12,,,
ed5348e1-71a8-4d49-946a-72a808814fe0,multiphase.gg,available,,,medium,high,10,,,
21591fe2-8d59-446a-8522-17b4b7f8b1fd,intermittently.gg,available,82.98,,medium,low,14,namecheap,,
f2511567-50fb-49d9-84ce-ff8362d3c6fc,pronouncements.gg,available,,,low,low,14,,,
82ca1745-d5a4-4ed4-88f6-55be1860c866,antitoxic.gg,available,,,medium,low,9,,,
ee770096-bdc9-45c6-aa62-e079989684f6,joinhands.gg,available,,,medium,high,10,,,
2a3641f0-adb3-462b-94b1-b40607548fea,passer.gg,available,,,medium,high,6,,,
e7dbcf49-ed5d-4a98-9c72-0fd15b97284a,brassbound.gg,available,,,medium,high,10,,,
068114aa-c530-4518-8611-6ff6ab3133ca,hillbillymusic.gg,available,,,medium,high,15,,,
4a7097c0-98c7-40d9-9a16-3bdcef1a829b,rolledout.gg,available,,,medium,high,10,,,
8232ff89-a07f-47be-b918-38093cf5995a,realizable.gg,available,82.98,,high,low,10,namecheap,,
771ec563-fe64-4f84-bf47-cd62781a8631,seapancake.gg,available,,,medium,high,11,,,
379fe099-bd7b-479d-9c7f-26bf892a229c,grandchild.gg,available,82.98,,medium,low,10,namecheap,,
e13d3319-ad5e-4594-875b-e40858e00ac4,auditionees.gg,available,,,medium,low,11,,,
62d09132-a3c1-4b04-a67d-f8d973033156,ghostwriter.gg,available,,,medium,high,11,,,
d537fc46-fd02-401b-bae5-2d883522376b,rations.gg,available,,,low,low,7,,,
76cb42cb-b590-4822-a091-5607a972dc6a,solartelescope.gg,available,,,medium,high,15,,,
db6764d1-5c1a-49f7-bf48-37bf0ebd6638,Aurthur.gg,available,,,medium,high,7,,,
c65d9e0c-0204-4921-9a84-b28d196d3691,continuando.gg,available,,,medium,low,11,,,
f7a6ecdf-9698-44a8-a4c8-ab72856466fe,workpermit.gg,available,,,medium,medium,11,,,
702f6c17-b098-4a7e-ae0f-435ab53d39ef,Greyfriars.gg,available,,,medium,high,10,,,
b629216e-8faa-4181-b1c5-ffdb478e0b85,tothelast.gg,available,,,medium,high,11,,,
3ff2615b-fe73-4b0e-8ed0-2258a2f16938,imprimatur.gg,available,,,medium,high,10,,,
d6c43ba6-e67a-41b4-9c01-36181298c612,hightopfade.gg,available,,,medium,low,13,,,
c806b876-da77-4d81-8d52-22bb8e26aafa,frontgroup.gg,available,,,medium,high,11,,,
fbae1365-cf55-497a-bd3b-e7f2118d24fc,dotdotslash.gg,available,,,medium,high,13,,,
d29ec087-d896-4c62-94cc-e51afa73a30c,knightage.gg,available,,,medium,high,9,,,
a193f20b-cce7-4b23-b753-8cf0079ae9d3,bookpress.gg,available,,,medium,high,9,,,
8cfac9cd-d35c-4bae-81e2-d4c1002e1780,straits.gg,available,,,medium,high,7,,,
37eed63b-345d-47d6-9990-cf0a3fadde2b,freshen.gg,available,,,high,high,7,,,
3728e466-b61e-4bd1-ab6b-bbffd10e0488,torpedo.gg,resell,,,high,high,7,Enrapture Limited (https://enrapture.gg),,
ae143e58-918c-40c6-8a6f-08fa896339f4,bonbons.gg,available,,,medium,low,7,,,
70962f6f-8480-4fc2-830d-504780e00dbb,Kithira.gg,available,,,medium,high,7,,,
3c2ea72a-f9a1-4608-94de-2102adab9cef,bigbend.gg,available,,,medium,high,8,,,
fcf896bb-3beb-4c01-9d93-364759a2a54f,clearup.gg,available,82.98,,high,low,8,namecheap,,
a85497c3-b30c-47e4-b3d5-66546297db3f,mosketoe.gg,available,,,medium,high,8,,,
a715c0ac-5f75-468e-874d-42860081d550,airtoair.gg,available,,,medium,low,10,,,
1607f9b5-9038-4f1b-9715-c6abf9bebaac,ADAT.gg,available,,,medium,high,4,,,
73b797ce-c900-4eac-80d1-afe4b9b7b163,skischool.gg,available,,,medium,high,10,,,
6d38a281-32c6-4de5-b79c-0133c3ed7e68,fightingchance.gg,available,,,medium,high,15,,,
99a74ef6-6855-44cf-a5ed-a6a42ef20ef9,pleinair.gg,available,,,medium,high,9,,,
65bc9703-fbd8-495c-9de0-e88676d7007a,knityoghurt.gg,available,,,medium,high,12,,,
902cc599-0c70-4d39-9443-88028eff113a,gulf.gg,resell,,,medium,low,4,West263 International Limited (http://www.363.hk),,
00e3e638-c141-46d7-9c89-df470a407e55,ropein.gg,available,,,medium,high,7,,,
0079662b-12fa-4868-a4bd-d3798f7776b2,alarmsystem.gg,available,,,medium,high,12,,,
8833e914-189b-45d6-9f60-b84f271ebc8f,bychalks.gg,available,,,medium,high,9,,,
6a9e9dc7-932d-4314-a3e0-bc42a6148d86,fumarate.gg,available,,,medium,high,8,,,
ffe470ce-5b74-4c05-ba71-a0b10e89f803,vitriolic.gg,available,,,medium,low,9,,,
d0a6d0f1-9056-4964-b5ed-7d12e80cce88,graphist.gg,available,,,medium,high,8,,,
76b38b00-a3e4-4e6b-bb43-77cbf907ca9b,flyingmonkeys.gg,available,,,medium,high,14,,,
f8b4a824-c094-40c8-aeb0-02124bd43cad,judaic.gg,available,,,medium,high,6,,,
e60766c9-5c4b-4534-9d5a-050cc595574f,bushcamp.gg,available,,,low,low,9,,,
50e3a89f-6210-45fd-9a51-9f130104c646,parlortrick.gg,available,,,medium,high,12,,,
8036e66e-1337-4c64-b982-93f38b37c376,granitelike.gg,available,,,medium,high,11,,,
37357d67-ccf7-405d-a2b0-1bb8a4d15821,WilliamandMary.gg,available,,,medium,high,16,,,
e9623cac-3339-40cf-8893-d8bd4b6f82b7,oldfellow.gg,available,,,medium,high,10,,,
a878ce33-e910-4f5b-9a82-dc955a7d645a,midcostal.gg,available,,,medium,low,9,,,
af41218a-0b75-47ce-8c34-5a41722be8ae,powerboard.gg,available,,,medium,high,11,,,
6bbad4ad-1ebc-44dd-8692-377b20b46ebf,onthemove.gg,available,82.98,,medium,low,11,namecheap,,
8362055a-e59d-4e43-bec8-b30b8ff53c02,rootcrop.gg,available,,,medium,high,9,,,
15fc563a-2f5e-4f26-bbba-888bfc61d0a1,foodcanal.gg,available,,,medium,high,10,,,
01ccbbd1-1a86-4a1a-ac42-58d10e5035dc,proprietor.gg,available,,,medium,high,10,,,
f80f7c34-9a3d-48df-b94b-d3bb9a3c52d1,playup.gg,available,,,medium,high,7,,,
d3464785-1b99-4c53-a750-8ef6a7f2b00a,gobeyond.gg,available,,,high,high,9,,,
d01806db-cc03-4e13-ad81-1b9c3b042c71,drivingwind.gg,available,,,medium,high,12,,,
43e56ba6-92f0-41a7-ac9a-17bd4a7a571c,baseship.gg,available,,,low,high,9,,,
b2f60e43-c3f4-4c7f-ae65-2609dacc84cd,crystallize.gg,available,,,medium,high,11,,,
770f99de-50cd-46f1-9c5e-9627d30690de,reimburse.gg,available,,,medium,high,9,,,
c457966a-fccf-4dd2-914c-f51677d685ea,bargein.gg,available,,,medium,high,8,,,
4b8b6621-7277-4579-9a0b-60b9902ae74d,Bambibucket.gg,available,,,medium,high,12,,,
9215a6ed-1e3e-4b70-aae2-695d2b8f5a36,message.gg,resell,,,high,low,7,Dynadot Inc. (https://www.dynadot.com),,
d1e3d142-de63-4d20-ab37-e60b25b96213,squareup.gg,available,,,medium,high,9,,,
1c8f2ed8-e4bb-4fe4-a5bb-b6de3b585429,carbonneutrality.gg,available,,,high,high,17,,,
56d14bec-49cc-43c2-a49f-c7bfbf534759,pushbunt.gg,available,,,high,high,9,,,
369cedf4-d122-45c8-805b-451f10fdd2db,shirtless.gg,available,82.98,,medium,low,9,namecheap,,
b657cb06-5d64-4775-8abb-63fce4beb431,vedanta.gg,available,,,medium,high,7,,,
ac1690b9-8981-4e62-a830-1100d7eac838,cutlery.gg,available,,,medium,high,7,,,
ce4d79f4-28f7-4694-b3d9-6fba7a516659,affords.gg,available,,,medium,low,7,,,
8a34caa8-0c6d-4bee-b05e-46bb0597f9dd,ultrarace.gg,available,,,medium,high,9,,,
72937dd2-c258-49d0-a53b-097ba1e0b426,transfer.gg,resell,,,high,low,8,"NameCheap, Inc (https://www.namecheap.com)",,
7ae83e42-8c82-4dc3-8047-9428f09aa38f,eaten.gg,available,82.98,,high,low,5,namecheap,,
149beeae-c9fd-4ca4-a844-ce342e730e95,translator.gg,available,,,medium,high,10,,,
86639ffc-9f44-4e73-a407-55f4ae3ddc77,trulyyours.gg,available,82.98,,low,low,11,namecheap,,
884627a0-9050-4c44-8da0-73d9721f581a,grasping.gg,available,,,medium,low,8,,,
93cfbde4-3adc-41f6-bf4b-beff97f48b11,carteblanche.gg,available,,,high,medium,13,,,
b795132c-72bf-401f-85da-5522bc31681c,toolcase.gg,available,,,medium,high,9,,,
b97a5875-2a33-4a1d-8eab-ed6ec0ae908b,achievementunlocked.gg,available,,,medium,high,20,,,
f2038e81-ee40-4cd1-b702-e1bb2df49cbf,Canberran.gg,available,,,high,high,9,,,
09ee9dc3-65d5-481a-85d4-35301038219f,terms.gg,available,82.98,,high,low,5,namecheap,,
d2183f26-1634-4028-ae0c-eed2bf51a37a,regrouping.gg,available,,,medium,high,10,,,
f8623236-3fe0-4802-8853-a73e36215ad6,comebackkids.gg,available,,,medium,low,13,,,
6c399789-5867-4aaa-91d1-2945ef8333fb,commercialat.gg,available,,,medium,high,13,,,
c84784d9-f08d-439b-bd89-067a1ba059f4,averaging.gg,available,,,medium,medium,9,,,
9b65e8da-e197-40dc-b5c9-8557438701c1,fingered.gg,available,,,medium,high,8,,,
bd380ea7-3f39-4e7d-9b63-a1a429a630d5,fourspotflounder.gg,available,,,medium,high,17,,,
3c0b8a08-36b9-4080-9127-e4f9a2d6629c,Christmasy.gg,available,,,medium,high,10,,,
4c55ef06-22f2-4f3a-8431-8696a40bed75,pressflesh.gg,available,,,medium,high,11,,,
b285ba81-50a7-46a7-ab5d-c844af56ed45,stance.gg,resell,,,high,high,6,Enrapture Limited (https://enrapture.gg),,
2cfa3577-2d8d-4519-a42f-8d339ea4988c,heavyrock.gg,available,,,medium,high,10,,,
a6038b48-cc9b-4aa8-a9b7-eb23fc97dffb,gableend.gg,available,,,medium,high,9,,,
c77f0002-ab48-441f-ae74-8b585a8e4339,fragrant.gg,available,,,medium,high,8,,,
f78a17ae-7600-4256-a0fb-3b1d8e46add4,bucketful.gg,available,,,medium,high,9,,,
d2009a18-7ffe-49ab-a08b-0fba42d77c29,diplomatically.gg,available,,,medium,high,14,,,
5f12c9d6-0195-4bd7-8478-d837f6b2db9c,stronghearted.gg,available,,,medium,high,13,,,
2b2982b0-d65f-49ee-a051-13150222bf4e,ashen.gg,available,,,medium,low,5,,,
fe7ff032-f503-49a1-899d-f9c68b975d55,pulpfiction.gg,available,,,medium,high,12,,,
a96ca7ae-e084-4c22-8bbf-f14bd68a134e,interplatelet.gg,available,,,medium,low,13,,,
f9e0411d-69d6-4ea3-b7f4-5e494d2e705b,Cuanza.gg,available,,,medium,high,6,,,
309b4c22-d64d-4d5e-a604-97a59a62ab6c,compiles.gg,available,,,medium,low,8,,,
d766f689-3ef6-40c2-ac1a-78ec072e89a7,rhythmic.gg,available,82.98,,medium,low,8,namecheap,,
a7b2dc15-e8d1-4f39-8352-143ae64f3ee2,nightglass.gg,available,,,medium,high,11,,,
796764cb-3c54-4b5c-99cc-6ad0b8d754bb,dripcoffeemaker.gg,available,,,medium,low,16,,,
f5185111-2f19-4ac9-99af-b5a594135438,mademan.gg,available,,,medium,medium,8,,,
a01a9e9a-5a96-489d-b1f4-bfeaa1a51430,sitinon.gg,available,,,medium,high,9,,,
f3095f50-4da7-4e93-9f78-2139933b95a5,longbeach.gg,available,,,medium,low,10,,,
1d45b82e-75eb-4bcf-a776-a97e69588ef4,acquaintance.gg,available,,,medium,high,12,,,
525fae70-5467-4a44-b451-8421d248afd7,Guys.gg,available,82.98,,medium,low,4,namecheap,,
e89f41ca-73f1-4bae-a31c-4ba0386fa279,xxvii.gg,available,,,medium,low,5,,,
9c9012a5-3db4-4ac5-bac9-8f7e5af39482,WorldWarII.gg,available,82.98,,low,low,12,namecheap,,
212dbe51-85d0-4cce-a7fd-449fd8b796af,artdealer.gg,available,,,medium,high,10,,,
49053bd6-70c7-4a72-82ab-99fca132e530,braise.gg,available,,,high,high,6,,,
676fa968-52ed-49ac-bc27-6e4e17fdcaca,givepaw.gg,available,,,high,high,8,,,
56bbd06b-d5fb-4106-8ca2-7e8ad9f43e9c,BOGOF.gg,available,,,high,high,5,,,
ee0d22f9-329a-49e7-9191-df2a23edb2d3,nomnomnom.gg,available,82.98,,high,low,11,namecheap,,
ad4b9ca3-3a1a-4e46-99f3-7f9d0b04d9f7,centerforward.gg,available,,,medium,high,14,,,
f6e86d78-2c78-47eb-a93a-f9d868d1a070,curbsideservice.gg,available,,,medium,high,16,,,
5f44a877-1a75-46e4-bd58-6766692f6d85,TrumpCare.gg,available,,,low,low,9,,,
ffae4724-3c99-4386-a115-81c360b51d33,doleout.gg,available,,,medium,high,8,,,
1a3f5311-3c32-4663-a880-aaaf1510c9fa,drachm.gg,available,,,medium,high,6,,,
a78e2c64-658e-4bd6-8ecd-a8474c2555a5,political.gg,available,82.98,,high,low,9,namecheap,,
9b461ba2-fdf0-4473-a430-b4a3b81c34ad,Chinesefingercuffs.gg,available,,,medium,high,20,,,
0649529c-cdf2-4f2c-981a-8d5eaa188da2,politely.gg,available,82.98,,medium,low,8,namecheap,,
534bfa95-9d29-45ef-84a6-1d1d048883cf,unshackled.gg,available,,,medium,high,10,,,
5f52a599-26c3-4bf5-91f1-584d68f5778b,antigone.gg,available,,,medium,high,8,,,
3b7cfbb4-6086-4f98-a28b-86ee18eb79fd,enactment.gg,available,,,medium,high,9,,,
68281047-46cb-4bda-9d1d-5da07aa2eb6f,fabrications.gg,available,,,medium,low,12,,,
4c652f35-f795-4702-a96c-1bf4f1a14bbc,recognises.gg,available,,,low,low,10,,,
4c5a2d51-dd13-4ac7-8ec7-5f95a2624f59,alcohol.gg,available,82.98,,high,low,7,namecheap,,
c36c7905-3c1d-4cc5-98ab-aefbc2cac97f,closeups.gg,available,,,medium,low,8,,,
de367fcb-7c83-4d0d-ae58-f9b363fbea45,smartenup.gg,available,,,medium,high,10,,,
46aaab12-e717-46fa-b264-f691c650dfcc,Novorolsky.gg,available,,,medium,high,10,,,
36de271a-1058-4dd1-9be0-c463a3fa5b30,checkplus.gg,available,,,medium,high,10,,,
80cb5a9b-3e36-4b20-a358-b43f204869f6,repeated.gg,available,82.98,,medium,low,8,namecheap,,
01206071-cd62-4be9-8d89-bb348bff1bd2,etruck.gg,available,,,medium,high,7,,,
4b407f47-d2c5-4dcf-86e7-4c2576456515,earthmoving.gg,available,,,medium,high,11,,,
ba4a20b0-6287-4efe-ab1b-a9235ee43abe,bankinghouse.gg,available,,,low,low,13,,,
b0a3f4ad-ff08-40c6-af50-f273930eecaa,tradesperson.gg,available,,,medium,high,12,,,
5b496334-b75f-4b4c-8f14-8c35e81e1850,darer.gg,available,,,medium,high,5,,,
29d7e7c4-5589-497a-97b9-530945195388,hireout.gg,available,,,medium,high,8,,,
c66098f1-52bb-4647-91ca-4567da4fedf9,formica.gg,available,,,medium,high,7,,,
28188655-63c2-4d7d-a1f2-326f83fd059b,Scotchargus.gg,available,,,medium,high,12,,,
4c80a427-6157-4619-8ebb-64686cd980d1,turboyeast.gg,available,,,medium,high,11,,,
dca79e8a-bdda-4cbf-a4b4-96848be95b51,conquest.gg,resell,,,medium,low,8,1API (http://www.1api.net),,
9718f4cb-bf15-4498-b96e-338d14e1ce84,wholechebang.gg,available,,,medium,high,13,,,
4180da15-a453-403b-a5ec-9b7909996ad5,faceupto.gg,available,,,medium,high,10,,,
3f690909-afca-4aef-a9ec-1417615c01b1,AliceinWonderland.gg,available,,,high,low,19,,,
207e0a5c-bed3-4c89-ad2c-ec3b3a5575b3,procrastinate.gg,available,82.98,,medium,low,13,namecheap,,
5b83f5ed-a199-42a4-a179-fa5a2027dab6,coronarycirculation.gg,available,,,medium,low,20,,,
fc64cac2-8273-46f0-b32e-e389873a2bfa,bodyhacking.gg,available,,,medium,medium,11,,,
d9aec16a-2b2a-4695-bc94-851f9855a70c,scribe.gg,resell,,,high,high,6,"Web Gnomes, LLC (https://www.webgnomes.org)",,
a97de4b9-be92-48dc-a61c-ce14fdd41a02,ninetyone.gg,available,,,medium,low,10,,,
969ca70e-42dc-4219-b599-3a68ed3dcc3e,supremo.gg,available,,,medium,high,7,,,
a99ddf3b-9042-46ef-b6ec-48ab7dcf39fa,semieasychair.gg,available,,,medium,high,15,,,
d34cbb4f-9ce2-4aff-b817-4abc8a615d39,safetycar.gg,available,,,medium,high,10,,,
eb81886f-81a9-4bd3-80db-a108f755db5e,goosander.gg,available,,,medium,high,9,,,
de41eb48-05ac-4484-8445-f0b43d2bf529,milltooth.gg,available,,,medium,high,10,,,
f17490a1-bb46-4639-b31c-09dfc11aec36,hangaleft.gg,available,,,medium,high,11,,,
a2371616-6975-45d2-8033-0c4cb2e9f10f,handoverfist.gg,available,,,medium,high,14,,,
e1166ea5-ba02-4c0c-bf4c-f60d6ed52827,youthonage.gg,available,,,medium,high,12,,,
daf585c9-8247-4293-a40c-3c7d80dc5522,delivering.gg,available,,,medium,high,10,,,
b50e5d89-1ef2-4abb-a765-67823d2006c6,actiongroup.gg,available,,,medium,high,12,,,
f48bde79-c07d-4d1b-958e-efd4deeb373b,falsifiable.gg,available,,,medium,high,11,,,
ca4c8f35-68e2-453c-a041-abc0fcf5c884,icegrass.gg,available,,,medium,high,8,,,
ddb1b580-ddc4-4ae6-939b-dd5246bb44b9,angler.gg,available,,,medium,high,6,,,
1a3735b2-4d3e-4169-92ce-5855989378ce,cafehop.gg,available,,,high,high,8,,,
2ccfd8bc-ab96-49b6-9552-08023a0a9efc,violetgold.gg,available,82.98,,medium,low,11,namecheap,,
58d966da-1aa0-4b61-9388-68507df9c089,cleaningrod.gg,available,,,medium,high,12,,,
c7f78a15-fac8-4ad4-b6de-d323cdb2c3e9,tiled.gg,available,,,medium,high,5,,,
5b5fa82a-e5e2-45f1-a5f4-97b4c4702fa3,chiles.gg,available,,,medium,medium,6,,,
7b49f34e-5500-43f4-9203-b4027efe1b16,call.gg,resell,,,high,low,4,Chang Wen Ling t/a private.tw (http://www.private.tw),,
0ee0948f-58b2-46cf-b57b-6c40733061e4,extrapairofhands.gg,available,,,medium,high,19,,,
6c4f4fc2-9f56-49d4-8837-3aeba14efcb5,wheatgerm.gg,available,,,medium,high,10,,,
eaa0a10b-992e-4841-a433-a1f89c8cc7b5,Chinesegall.gg,available,,,medium,low,12,,,
518fc449-f057-47c5-b25b-2042b8defd98,interosculation.gg,available,,,medium,low,15,,,
898d1cec-f274-4d5f-9590-529de3eb085b,avert.gg,available,,,medium,high,5,,,
f1fc94af-2b7e-449e-9189-d86e748c49a3,nondualism.gg,available,,,medium,low,10,,,
57710094-c55e-492e-8881-f06177b759e4,twopart.gg,available,,,medium,high,8,,,
20090a6f-5127-4747-840c-f3ba3bf56f31,herewego.gg,available,,,medium,high,10,,,
56971e0c-a887-4834-85ee-c9f0b1cd91e6,sweetlemon.gg,available,,,medium,high,11,,,
7213d65c-2c5c-43f2-bd21-52d7364ab26a,basswood.gg,available,,,medium,high,8,,,
19b85afe-bd01-4776-95a1-b8a0ce53a7e9,american.gg,resell,,,high,high,8,"NameCheap, Inc (https://www.namecheap.com)",,
b703593c-2c1a-43a8-bfab-4ac62f5a04ba,trumpeting.gg,available,,,medium,high,10,,,
cf643472-bede-43c0-886c-bb3f557153c7,higherorder.gg,available,,,medium,high,12,,,
7fe7d8e8-4ad9-4a91-b3f5-25cd2d394764,parliaments.gg,available,,,low,low,11,,,
e0e7b11f-450d-4899-8d61-511b8f7a161a,financialrisk.gg,available,,,medium,high,14,,,
5b9e9fcb-67bc-44b0-9fbe-8189baf67e11,schoolroom.gg,available,,,medium,medium,10,,,
3c47f336-2864-47ca-84b1-367e193d505c,Weymann.gg,available,,,high,high,7,,,
9778eff5-fb46-4863-9106-fa28ee83be08,statuteacre.gg,available,,,medium,high,12,,,
6dce26b0-dbfb-48f5-bae5-d831169e19b4,steamiron.gg,available,,,medium,high,10,,,
857ad1cd-5aa8-4702-8adf-9ef975ba3a45,infotech.gg,available,,,medium,high,8,,,
498e5760-9aed-43f9-b1b3-aaae04751589,wordup.gg,available,,,high,high,7,,,
dad1d238-1e06-48d2-834d-fb14576a60cd,showbox.gg,available,,,medium,high,8,,,
ab366ab5-fe21-4f9d-a906-051544029e55,groupings.gg,available,,,low,low,9,,,
61208d07-685a-46e2-a704-44fe8852ebee,solidified.gg,available,,,medium,high,10,,,
1e7d6931-4559-4fa6-bfa6-c3b9eb29d735,landfall.gg,available,,,medium,high,8,,,
b960541f-a5e7-4d16-9007-d4af35ef417e,soupup.gg,available,,,high,high,7,,,
216870de-1842-4f5a-aa39-f4415df827c5,lowering.gg,available,82.98,,high,low,8,namecheap,,
9df549d7-5327-466f-8b92-50c07579cccd,overwhelming.gg,available,,,high,high,12,,,
bca846bd-abfb-4025-8f22-2558c7d4caf7,breviloquent.gg,available,,,medium,high,12,,,
d6ed4a4f-8324-4e43-a072-057e15f18064,GreekSignLanguage.gg,available,,,medium,high,19,,,
09b70663-c144-4336-8b2b-056e4cce73d6,spoonrest.gg,available,,,medium,high,10,,,
94564884-48ab-4663-a0f9-ed69b88fff22,rollwithit.gg,available,82.98,,low,low,12,namecheap,,
dbc6d742-560f-4aa0-b3b7-6028431ed972,foolabout.gg,available,,,medium,high,10,,,
109ad154-c393-456f-a427-1ad612b9f411,filleting.gg,available,,,medium,high,9,,,
8e9c9811-727a-4587-8819-97b6337e2959,onapin.gg,available,,,medium,high,8,,,
0ce97858-1a54-4ea3-a045-8bf997fd9988,NewAthens.gg,available,,,medium,high,10,,,
7695cbef-85f8-4298-aaa1-974395e26abe,drawingroom.gg,available,,,medium,high,12,,,
42e10747-09d1-46ad-829a-dc90b361c9ae,centreofgravity.gg,available,,,medium,low,17,,,
3296e941-fc8b-45a6-b972-850d90b5c09e,gametimedecision.gg,available,,,medium,high,18,,,
710f21f9-eb89-4c64-a12f-18a99ba1bec6,mypleasure.gg,available,,,high,high,11,,,
42ff2766-3723-4753-b7a0-fb8a0f2204d1,Elsa.gg,available,,,medium,medium,4,,,
36f58da4-8b12-48ad-bfd1-1fda5893a4cd,apophyseal.gg,available,,,medium,low,10,,,
b88f713e-d95d-46a3-9f14-5f8d68ecb0eb,warehouse.gg,resell,,,high,high,9,1API (http://www.1api.net),,
3823561c-ef6f-4085-be0d-f380cf988421,waningmoon.gg,available,,,medium,high,11,,,
1f720988-23c1-4825-9bb1-53bf576bf04b,spritzer.gg,available,,,medium,high,8,,,
51ac3e09-4b07-4a3e-ac7c-03e7b9e70007,watercontent.gg,available,,,medium,high,13,,,
05c52638-117a-41a1-b0f1-c7678373ff24,sillybilly.gg,available,,,medium,high,11,,,
dfd438f6-9d2a-4247-b87d-7d972f62a9e7,streamed.gg,available,,,high,medium,8,,,
223caea9-2876-481b-9982-d444f2ba970d,Coore.gg,available,,,medium,high,5,,,
9daf5dff-bea0-4923-bffa-6b1043517c36,uptake.gg,available,,,high,high,6,,,
4eff7f91-e705-4520-a524-dd5b4aa4f5ac,carbonsuboxide.gg,available,,,medium,high,15,,,
211b7b87-ad57-462d-989e-e98deba50f49,nozzle.gg,available,,,medium,high,6,,,
376f8c97-25ae-415b-9e39-e9ca2cd5faab,aloof.gg,available,,,medium,low,5,,,
d13e7f73-b3fc-456c-ae23-954a467cd88c,liquidlunch.gg,available,,,medium,high,12,,,
d6b2d36c-89cc-4fe0-813b-145874d55466,carbonfree.gg,available,,,medium,high,11,,,
084de4fe-551e-4409-9a67-7d23f5547df6,crowndaisy.gg,available,,,medium,high,11,,,
3a3535bb-5d1d-457c-8f72-5cbe69491c5b,together.gg,resell,,,high,medium,8,Enrapture Limited (https://enrapture.gg),,
30537a27-af93-464b-aeaa-daa769c71232,copyrighter.gg,available,,,medium,high,11,,,
1b087034-9694-4899-9182-83b6a52a4e7d,freewrite.gg,available,,,high,high,9,,,
f837251d-9486-407d-a1c5-7d710e8c941d,dateline.gg,available,,,high,medium,8,,,
5ad6caf7-696c-42e0-aa98-70db26ae7815,usethepotty.gg,available,,,low,low,13,,,
c9d0cef3-da8c-4b25-aee6-77d596fb0c5d,untwisted.gg,available,,,medium,high,9,,,
3a813abe-40ad-46c0-b4ca-7a8acb33eb20,vocab.gg,available,,,medium,high,5,,,
cbcc08d2-6188-4043-984a-11fc4622423a,remove.gg,available,82.98,,high,low,6,namecheap,,
dda11269-7425-44c4-9673-ca84b347e816,Spanishguitar.gg,available,,,high,high,14,,,
1f1b2bed-2ce3-4fb5-9ef1-80bf58c17ac2,structured.gg,available,,,medium,high,10,,,
5bc79114-382f-48e2-bbe5-43c565db8a86,passaway.gg,available,,,medium,high,9,,,
bc0e6c65-dd73-41d8-bfd4-c952bbb097a6,incorruptibly.gg,available,,,medium,high,13,,,
0d1d0065-2f13-48ad-a05a-da6db4bb5507,paradigmshift.gg,available,,,medium,high,14,,,
bd661819-e3d6-4113-86b8-b464df0e38a0,animations.gg,available,,,medium,low,10,,,
a9583f65-1db0-44a5-8d15-c36812580a18,cosmo.gg,resell,,,medium,high,5,Dynadot Inc. (https://www.dynadot.com),,
42e2b870-9316-42ac-919b-3552afc5b375,Christians.gg,available,82.98,,medium,low,10,namecheap,,
3c88c430-5314-4ef1-8b8b-f4cd36c2457f,festal.gg,available,,,medium,high,6,,,
5931b151-1eaf-45b8-ba7b-73588749977d,Chihiro.gg,available,,,medium,high,7,,,
47548508-a641-4dc9-9ac3-ad6c159d864b,pitchup.gg,available,,,medium,high,8,,,
a5c0191f-57b1-4976-8aa9-7cde340256bb,abwheel.gg,available,,,medium,high,8,,,
6579eb0b-d393-447f-a97a-e2059a5fa589,tierce.gg,available,,,medium,low,6,,,
28d51ccb-c9e9-434e-a682-5506544026cc,taxauthority.gg,available,,,medium,high,13,,,
ccb14079-43fc-431d-bf88-17153e1d238c,businesssuit.gg,available,,,medium,high,13,,,
59747e70-776d-41ae-92e2-d55472b299f0,tampan.gg,available,,,medium,high,6,,,
19fb69f1-bc70-4335-a0f7-e9ed857976e4,wining.gg,available,,,medium,high,6,,,
b67a936c-057e-4d34-9ac1-acec5100e5a7,automobile.gg,available,82.98,,high,low,10,namecheap,,
db5a3a71-3001-4cc4-8c7b-765d2741a92f,armlike.gg,available,,,medium,low,7,,,
325e4038-a7d9-4459-bfa0-a71a0f346a85,workthrough.gg,available,,,medium,medium,12,,,
d1ed904a-ad6a-4b48-ae09-3bd15bbd2b7b,towers.gg,available,,,medium,high,6,,,
2c6ce47f-6432-4171-9e64-df777ff53740,corset.gg,available,,,high,high,6,,,
65a6f349-faed-4118-b976-bb21de200f26,countout.gg,available,,,medium,high,9,,,
f1c401ab-001c-4077-91ce-f832ebb3446b,reattaching.gg,available,,,low,low,11,,,
163c44c0-f051-40a2-be7f-3708e241891e,requesting.gg,available,82.98,,low,low,10,namecheap,,
435861bb-e618-43cd-bd98-c6a98c6d45b0,musketeer.gg,available,,,medium,high,9,,,
78195d1f-b6c6-44be-856b-e8842c976a65,daftly.gg,available,,,medium,high,6,,,
4dc624aa-0f33-4ead-a591-444335f1c018,tyrannosaurus.gg,available,,,medium,medium,13,,,
6b18534c-49ba-4e70-89d7-5c5b156d1ef0,Europop.gg,available,,,medium,low,7,,,
bd0eff4f-d8ad-43b9-abe5-d90d11eb9a0e,secularist.gg,available,,,medium,high,10,,,
f5753742-f4ad-4832-9e93-5088024c23c6,forcefield.gg,available,,,medium,high,11,,,
c92a9c2c-0d5f-44fe-acaf-1f6ba0780008,gravitationalfield.gg,available,,,medium,high,19,,,
e2b34823-3be3-4109-b917-625b3aeced96,worktorule.gg,available,,,high,high,12,,,
1cc80636-871f-4015-bce6-90f1e68c5c37,coolgrey.gg,available,,,high,high,9,,,
7f4d88ca-e7bc-4754-b113-07c8d09a1e92,sinker.gg,available,,,medium,high,6,,,
64f12ec5-7495-4ec7-b5ab-56f7d32b7e3f,heifer.gg,available,,,medium,high,6,,,
a86ed483-6207-472a-bcfe-cba712f78209,enfranchised.gg,available,,,medium,high,12,,,
a1a4e1de-1a76-41e2-bdb7-d059d4b7530e,Europeanwatervoles.gg,available,,,low,low,20,,,
1ddddb20-72dc-45e5-a204-680656e190b2,rainyseasons.gg,available,,,low,low,13,,,
bf79b3a6-5e2f-42b6-8b05-2fc4e2334018,duralvenoussinus.gg,available,,,medium,low,18,,,
ee9c220f-e14f-4b39-b483-69b3a235ca81,rosella.gg,available,,,high,high,7,,,
19863b81-2bfe-4b6c-a655-7e78e5846342,silicious.gg,available,,,medium,high,9,,,
489f52e2-6f61-4304-87c6-d72463a16d31,superscript.gg,available,,,high,high,11,,,
4f97fbb2-0d8b-45cd-9c71-1371d7c14f34,glassfiber.gg,available,,,low,high,10,,,
7e06da37-0ac9-4445-b50b-f09d03fe3e7e,antidiuretic.gg,available,,,medium,high,12,,,
4f53f57f-45e4-409c-a955-84a3fea4a599,polled.gg,available,82.98,,medium,low,6,namecheap,,
223e847f-425d-4546-89b8-3b52b5db95e7,zipfile.gg,available,82.98,,medium,low,8,namecheap,,
60bcf4aa-86a7-491e-a712-157e3814ccd4,goldbank.gg,available,,,medium,high,9,,,
07945a18-a3ef-4ca1-8ab3-93066cbb45fe,telomeres.gg,available,,,medium,low,9,,,
49a2c406-97c2-402b-8cab-1d2ea0cd521a,repository.gg,available,,,medium,high,10,,,
07a8cc0d-7aaa-41bf-9a61-1671b9de937d,Philippa.gg,available,,,medium,high,8,,,
15804698-a9dc-4164-8a3a-979b47a86c5d,Nannette.gg,available,,,medium,high,8,,,
47aac9b1-41d0-4ea8-99f3-974cbf4e498c,trespassoffering.gg,available,,,medium,high,17,,,
9dc3b422-932a-49a0-9920-8ef9584d5d23,artisanry.gg,available,,,medium,low,9,,,
eec9150e-add9-4cd2-94ec-c0614fe77378,rite.gg,available,,,high,high,4,,,
f3361e70-dcb0-41c4-8631-f6f9589cec8f,safely.gg,available,,,medium,high,6,,,
7312e1e5-d59a-4665-ad1a-2954412d4793,Westmorland.gg,available,,,medium,high,11,,,
a3656b1e-bfaf-474f-be7c-1bac8c660fe1,wigs.gg,available,,,medium,medium,4,,,
00d0745e-5cf4-4fb3-9807-3bfdf97d80bb,drinkup.gg,available,82.98,,high,low,8,namecheap,,
851d332d-e07d-4e69-a17a-97719cdef470,pelvises.gg,available,,,low,low,8,,,
fcc2996a-dedc-4f1e-aaeb-824e20e53c0e,instructively.gg,available,,,medium,high,13,,,
d761725c-2cd4-4014-94e4-cf036a0dcf04,Muskian.gg,available,,,medium,high,7,,,
56ef8c34-354d-4999-9b46-f45687b843da,LittleWratting.gg,available,,,medium,high,15,,,
19b64ecc-3046-45a7-81bd-b95d781c1f2f,insectproof.gg,available,,,medium,high,11,,,
01788f1e-3fdd-40da-a87d-1b10a5877882,urologist.gg,available,,,medium,high,9,,,
77b8f535-1666-4817-9595-6a8681db7e85,spacegun.gg,available,,,medium,high,9,,,
bd154583-8387-430a-b97c-d367071e209e,industrialunion.gg,available,,,low,high,16,,,
0f79c2d2-c27c-435b-a103-995e1d6534ce,tweeter.gg,available,,,medium,high,7,,,
92662a07-9fe5-48a3-9714-74e89524b9d6,sharkcatfish.gg,available,,,medium,high,13,,,
325bf864-2a3e-478b-9805-c960eaa5d4aa,ribbons.gg,available,82.98,,medium,low,7,namecheap,,
80f2a3b2-fcb8-4519-9759-df71acca3807,afew.gg,available,,,medium,high,5,,,
987bcf39-bb8f-465a-9f87-b197e2dcccb1,stooped.gg,available,,,medium,high,7,,,
ce2d0f15-c576-4556-9b56-0c831618ac10,flirtwith.gg,available,,,medium,high,10,,,
c0e9ca8d-5926-495a-9e7b-644f1d2ac49a,preliminary.gg,available,,,high,medium,11,,,
b0b28e0b-9678-45ac-b065-9a8d133f0562,promising.gg,available,82.98,,high,low,9,namecheap,,
3020f092-e531-4de0-97f8-f84fb3e70e5e,superconductor.gg,available,,,medium,high,14,,,
08d12b62-e801-4d40-833c-5340dbe38d6a,openness.gg,available,,,medium,high,8,,,
16439a79-fffe-479c-b938-5ca2e65b652e,Brisbanian.gg,available,,,high,high,10,,,
0e498291-025d-44b8-ab39-35ce9b2394ae,pentagrams.gg,available,,,low,low,10,,,
169b13eb-855d-4d09-a348-5957cd9f4fed,breakups.gg,available,,,medium,low,8,,,
e89961ff-1bb0-4910-9e3f-8f24c2190343,photographicmemory.gg,available,82.98,,high,low,19,namecheap,,
f9ed9faa-bef7-446c-8da2-5311190c1faa,HollywoodIrish.gg,available,,,high,high,15,,,
241a75eb-a3bf-46fe-9f0c-b4ac9f10ba75,savegame.gg,available,,,medium,high,8,,,
61d553f7-93f8-431b-9a3a-ecd9b97a7ac9,matron.gg,available,,,medium,high,6,,,
92e115a7-3ecb-48c6-8a1c-0373a1c4c52f,hoosier.gg,available,,,medium,high,7,,,
c02ba60b-3659-4d9a-8de6-32088704d53a,woodman.gg,available,,,medium,high,7,,,
7e0163b3-5a44-49c9-90dd-1892700d0263,squareaway.gg,available,,,medium,high,11,,,
963d24fe-54a6-4c49-8e94-bb1769b04544,fetchingly.gg,available,,,medium,medium,10,,,
0a32963a-f512-4f99-9e4a-3e2c2ea12d58,ricebeer.gg,available,,,medium,high,9,,,
fc3040f3-dfa8-4b3f-8572-2345e1cfeeaf,hittheshower.gg,available,,,medium,high,14,,,
e0e68083-1a07-4469-84aa-13e955006781,endash.gg,available,,,medium,high,7,,,
75346b15-9f9f-4dc4-9934-c48c0e9a41ec,breakbread.gg,available,,,medium,high,11,,,
6089063c-683c-4ed0-be16-54486a5c458e,bottomfor.gg,available,,,medium,low,10,,,
20cfa0db-52b7-4e72-abcd-a9a9dde6165d,doggiebag.gg,available,,,medium,high,10,,,
ee062808-b659-4fea-bdbc-e671810d1642,yogistic.gg,available,,,medium,high,8,,,
69a1e39a-871c-4493-a74d-e39c5b22c5fd,depathologize.gg,available,,,medium,high,13,,,
d73d677f-2b11-4dbd-8420-ce1e10d7e1e1,seven.gg,resell,,,medium,low,5,Porkbun LLC (https://porkbun.com/),,
e5f0db62-889c-469d-b1c4-d73f2ca8a28c,severancepayment.gg,available,,,medium,high,17,,,
9f1fae8d-8046-4fa2-b702-da88ab329fb4,comeandgo.gg,available,,,medium,high,11,,,
946124fc-740e-4330-8f14-2b78e13eae34,SouthHampton.gg,available,,,medium,high,13,,,
8ca84119-ebf5-478e-a9f3-86ea79397735,karateka.gg,available,,,medium,low,8,,,
493c286a-c04b-47de-8e53-8603768fa1f4,waiters.gg,available,,,medium,low,7,,,
381d1301-734f-4f8a-823f-6cb64ae19a0c,drillingfluid.gg,available,,,medium,high,14,,,
57425e1a-06f8-4a14-b4f3-563f40474d21,trustingly.gg,available,,,medium,high,10,,,
33f871a4-1f85-48cb-89b5-d33562bfc20a,chickennugget.gg,available,,,medium,high,14,,,
93b09c17-e34d-4f3c-8a85-63a24383b970,shape.gg,resell,,,high,low,5,Docky Company (https://docky.ly),,
28f4a598-70c6-4af0-9ec4-350a3420c5c4,GermanLowSaxon.gg,available,,,medium,high,16,,,
ddfedf34-d914-45df-9746-03d77d2693b9,samaritan.gg,available,,,medium,high,9,,,
73ffd21f-6e86-44d8-aa30-c1fe1af5e338,indulgently.gg,available,,,medium,high,11,,,
8c4542cd-4eba-4164-9180-c9d269d1f07b,overandover.gg,available,,,low,low,13,,,
38165b66-5b55-4e3b-ae2c-a2116337e261,officepark.gg,available,,,medium,low,11,,,
0df7f922-76f5-4089-b83d-ecfab20f32ce,seles.gg,available,,,medium,high,5,,,
1dff9d07-b2a8-4f54-812d-e905b9701971,nonuser.gg,available,,,medium,high,7,,,
992a0020-1620-41d6-b7a9-2b8bca0a48d9,limiting.gg,available,82.98,,medium,low,8,namecheap,,
59115453-fb84-4678-bb7e-e845c72ba406,giveback.gg,available,82.98,,high,low,9,namecheap,,
185dd773-8443-4057-ab40-2dd0412824cc,kernel.gg,resell,,,high,high,6,Dynadot Inc. (https://www.dynadot.com),,
97cf44af-0849-46d5-8aec-19b9633fdfd5,crockery.gg,available,,,medium,high,8,,,
110f4ec4-33f1-45d3-9899-307ba8fd0249,littoralzone.gg,available,,,medium,high,13,,,
bb61dcd7-e3d7-458d-9ed9-52e7aeb245f4,lxxxii.gg,available,,,medium,low,6,,,
ec9fc36f-3c65-44b1-a258-0cfd24edf793,ConeyIslandhotdog.gg,available,,,medium,low,20,,,
c0fad1e5-701a-47fc-a8cd-e9a00faf824a,cougars.gg,available,,,medium,low,7,,,
7007640c-d829-4751-ae23-388cc9e5495d,shallot.gg,available,,,medium,high,7,,,
20b86feb-eb3d-468c-9c3c-24207c38f227,seiwhales.gg,available,,,low,low,10,,,
a6493b4c-4d17-495c-b1d4-ce37494b4fad,shutout.gg,available,,,medium,high,7,,,
4ebfe218-060f-49a5-8279-181b2263d997,basifixed.gg,available,,,medium,low,9,,,
f815fb3e-ca30-4e2e-a977-1a63a5bce633,bonechina.gg,available,,,medium,high,10,,,
b859685e-46ed-4915-aa68-5ccf6600e45e,incarnadine.gg,available,,,high,high,11,,,
d3f40da6-659e-48c5-8fd0-4f7fad1e5029,muhfuckah.gg,available,82.98,,medium,low,9,namecheap,,
eb32425e-5637-4b27-acaf-2842508e72c6,beerbong.gg,available,,,medium,high,9,,,
d7bb6380-d534-4ee1-9811-a15543f5ae8d,greatwingedpetrel.gg,available,,,low,high,19,,,
b2b5d895-5881-42ac-b7d6-12ad51dac031,Comisene.gg,available,,,medium,high,8,,,
8d7fd8fb-56bd-4e2d-9d49-012f6550a6b9,barleymoon.gg,available,,,medium,medium,11,,,
d66ca569-24e1-4e26-86c9-4b89b38de02e,citation.gg,available,,,medium,high,8,,,
cb16f45d-8fc6-49fb-863d-8155a7cc80b1,popbottle.gg,available,,,medium,high,10,,,
e8113363-9846-450c-8f80-d8f632fcc359,EarthMother.gg,available,,,medium,high,12,,,
67223d44-523b-4c92-a5ac-53ec5cf7dab7,businessmodel.gg,available,,,medium,high,14,,,
f1a0d4ee-6cc5-456e-a033-be0a63afd8d6,bushvetch.gg,available,,,medium,low,10,,,
54a83bc5-7f0c-44a5-8c02-c16206a46e24,Chinaproper.gg,available,,,medium,high,12,,,
f5d63d60-1a7a-4e62-96de-3854555723cb,unscissored.gg,available,,,low,low,11,,,
58280d2d-441f-4e61-80e1-4e55cf476868,airlinestewardess.gg,available,,,medium,high,18,,,
b4c8f1f4-4c60-4992-ba54-2d1046b6dab1,Akeem.gg,available,,,medium,high,5,,,
eec41a10-cfca-4e52-9f33-8baf79eccb35,firecock.gg,available,,,medium,high,8,,,
dbc32907-b14b-4d18-9897-60f10b23d75d,Bouvet.gg,available,,,medium,high,6,,,
a43de056-094c-4df0-8c28-96da8d819157,profiterole.gg,available,,,medium,high,11,,,
a605c2e1-e976-46ff-abad-1acffaef2edd,NewTredegar.gg,available,,,medium,high,12,,,
502702a0-fa75-4719-8daa-06ea0345fb1c,Stephenie.gg,available,,,medium,high,9,,,
4a95be2b-a30e-4c85-8efa-7eddfc183951,plata.gg,available,,,medium,low,5,,,
f2c373f5-81ea-4fdb-8ad6-fd587ab6d6af,drinkworthy.gg,available,,,medium,low,11,,,
ffdf00cb-585e-4ca0-a52c-60dc6535901f,boxcoat.gg,available,82.98,,medium,low,8,namecheap,,
8b8b01b5-fe98-4733-a560-dd62002c5b31,tradewind.gg,available,,,medium,high,10,,,
2bfe9dac-26eb-4722-9c8a-5393fa798009,gocart.gg,available,,,high,high,7,,,
ad2deae0-4a66-4029-8398-38bf610ba8d8,TellerCounty.gg,available,,,low,low,13,,,
3496ae5a-f0db-452e-beb9-81d54da9b8b7,studentships.gg,available,,,low,low,12,,,
5c1a19d5-adeb-499c-82c9-6a40810e37f2,byfoot.gg,available,,,medium,high,7,,,
0849da52-7d2c-4d95-83fd-b297a075be85,granter.gg,available,,,medium,high,7,,,
cddb7da7-30a7-44b0-9188-6b8c6d1d80a2,BigCreek.gg,available,,,medium,high,9,,,
bfe06956-5f92-4ed9-8da7-c62338070dc1,ATYD.gg,available,,,medium,high,4,,,
c01dee2a-1fa2-4213-b78e-91f5624966f9,huntress.gg,available,,,medium,high,8,,,
0cd1f63d-60f6-48b9-8057-718b4b407eb3,refiningsugar.gg,available,,,medium,high,14,,,
1b78f67e-d885-4d0a-86de-9e9b0c682e6c,soundalphabet.gg,available,,,medium,high,14,,,
46fab0f0-07e5-4f3b-b3df-70bc1b163e14,muchosgracias.gg,available,,,medium,high,14,,,
ba1c199c-2d2d-46aa-9e5e-3d7df46b9616,divinister.gg,available,,,medium,high,10,,,
b4899764-bf26-4676-9b98-61a73f94f886,technicals.gg,available,82.98,,low,low,10,namecheap,,
19dc7427-fd89-4662-8d40-85bdaca18d61,mackenzie.gg,available,,,medium,high,9,,,
338d6515-fb4b-4980-b9f9-6bce8eed4574,midblock.gg,available,,,medium,low,8,,,
8182ec80-551d-4ff7-81c6-a29e2f1edac4,buttonit.gg,available,,,medium,high,9,,,
7964fceb-4c86-4646-b464-f936ee4d92af,maturity.gg,available,,,medium,high,8,,,
c6e5a7d3-040d-4eb5-8479-859b68f53c60,twelvepack.gg,available,,,low,low,11,,,
f6e280c2-c639-47ec-a32b-91e1ae3213ec,CaliforniaPines.gg,available,,,medium,high,16,,,
ddb98e0d-2508-4d87-b6bf-b4fb767d0873,hitherandthither.gg,available,,,medium,high,18,,,
0ec4dda1-77a8-4ada-9042-21712fb8633c,ChineseBrazilian.gg,available,,,medium,high,17,,,
840245da-ae7b-4561-8560-19784f4ddaf9,bead.gg,available,82.98,,high,low,4,namecheap,,
17737a43-f96d-4397-b709-7625fe4df6c9,classroomful.gg,available,,,medium,low,12,,,
3740852d-f119-4d3f-b067-f46deba6af01,commentator.gg,available,,,medium,high,11,,,
96262eec-c7a0-4428-a5e3-e18a453da4c3,vaulting.gg,available,,,high,high,8,,,
7d73b4a7-c714-4803-a691-7aeefbdd1eeb,contacttrace.gg,available,,,medium,high,13,,,
6918a3d1-1e57-4f7e-a8f3-5bba45f00175,stepped.gg,available,,,medium,low,7,,,
363ccd2a-09f8-438a-865c-e211ca80a145,taxi.gg,resell,,,high,high,4,"Spaceship, Inc (https://www.spaceship.com)",,
219afdfd-aef4-4861-a544-e58ac6da16e8,dram.gg,available,,,medium,high,4,,,
9a814d7f-3bdf-494e-9f1a-92350d209854,jumpoff.gg,available,,,medium,high,8,,,
80ca20bc-5256-4b57-8572-ed09005eae5f,outofkilter.gg,available,,,medium,high,13,,,
5732bd69-6449-484b-9ba4-c3282be73338,trustful.gg,available,,,medium,high,8,,,
779a2135-6064-4ec2-97b7-d7de79a20ed7,shrubbery.gg,available,,,medium,high,9,,,
f4f4073c-5edf-47bb-9006-7226f793111d,muffle.gg,available,,,high,high,6,,,
e51a380a-309f-440e-afed-965908e19b27,nonpareille.gg,available,,,high,high,11,,,
58ec698b-1bf0-4931-91af-6c09fed7c3a6,stair.gg,available,,,medium,high,5,,,
2f7cce61-8dbb-4680-a280-4f30e7e09273,Australianballots.gg,available,,,medium,low,18,,,
c95011f0-e4f1-4526-873d-75bea58412dc,AustroAsiatic.gg,available,,,medium,high,14,,,
c7d75314-3d56-46d1-90af-98557dcf5184,bearable.gg,available,,,medium,low,8,,,
a71d7eb6-c571-42e0-954f-c4d4ce9b511c,Oregonfir.gg,available,,,medium,low,10,,,
4db888a8-b4d9-4f0b-becc-245cf73f69bb,hispaniola.gg,available,,,medium,high,10,,,
6de5ed28-bbe7-4b8d-b238-4295d28b902f,skytime.gg,available,,,medium,high,7,,,
7b2b9c11-b7de-4d0e-bbc5-5dc15fef4064,narrowhead.gg,available,,,medium,high,10,,,
a43383e2-8ae6-40b6-9cbb-a1072e0ec922,gosainthan.gg,available,,,medium,high,10,,,
47ea44dc-c3e6-4d95-9259-a5bc2fa2142e,skywalk.gg,available,,,medium,high,7,,,
818f5e66-ae33-461c-9f2a-b8eed7715b54,GraecoAryan.gg,available,,,medium,high,12,,,
fcb9de59-3660-4b72-bec7-6e8710e26dc1,riflebutt.gg,available,,,medium,high,10,,,
bc16b9f4-08bc-4b61-9389-f73267d141c9,kingwoods.gg,available,,,medium,low,9,,,
5e00de44-a2b5-47c7-af9f-807b1a22ebbf,theatricalfilm.gg,available,,,medium,high,15,,,
a7a2e561-e93e-4b15-a859-17b8040344e4,wingmirror.gg,available,,,medium,high,11,,,
4eed8e70-d9b5-49d9-97d2-5fd25a9b48b6,restructuring.gg,available,82.98,,medium,low,13,namecheap,,
14c1e5f2-7070-4e13-ba48-8de290502f97,alleged.gg,available,82.98,,high,low,7,namecheap,,
27f49e44-75e6-439e-86cd-b0954f57d0a0,churnup.gg,available,,,medium,high,8,,,
5321f62c-f9f5-4c04-a34a-2eda5dc78dcd,sham.gg,available,,,medium,low,4,,,
dfd61ccf-84c9-40f2-816d-b0b692e95cc5,takein.gg,available,,,medium,high,7,,,
ac6fc3a2-e1e2-47a1-823f-15d60940eece,GornjiKneginec.gg,available,,,medium,high,15,,,
ac368813-0a50-4a15-944e-c8235e0d8365,lessee.gg,available,,,medium,high,6,,,
041c94e4-d179-48b3-8348-4c17bc59b029,annotator.gg,available,,,medium,high,9,,,
a066a2c7-a67b-4db8-8e31-fa392220f789,plasticine.gg,available,,,medium,high,10,,,
e5ee3366-2d02-4ee4-8301-f5fc24ac433b,supped.gg,available,,,low,low,6,,,
91be99fc-3eb6-495c-a2fa-baee19240cd9,senses.gg,available,82.98,,medium,low,6,namecheap,,
d3ec9139-c67e-4620-8202-ddda917fbacf,windinstrument.gg,available,,,medium,high,15,,,
011fd104-f861-402a-b397-76efa69cc0e0,dials.gg,available,,,low,low,5,,,
904fd766-da0c-4567-b590-e222946ad217,stork.gg,resell,,,medium,high,5,Sav.com LLC (https://www.sav.com),,
f389f460-5711-4b29-871c-db16147c3469,coping.gg,available,,,medium,high,6,,,
bacce181-fa0d-4904-9859-48ce7552fc44,portrayed.gg,available,,,medium,high,9,,,
1bfdd1d1-2690-4639-9609-f0a3dcd83364,Scottishly.gg,available,,,medium,high,10,,,
d1fda4d4-cd00-46b8-ad22-d023a86dd67f,lithe.gg,available,,,high,high,5,,,
df04b472-e7f5-44cf-838e-27137a4c7906,madeleine.gg,available,,,medium,high,9,,,
d6c0851d-4142-4669-9cb1-b66b91170efd,bighistory.gg,available,,,medium,high,11,,,
22950827-5c03-4b84-8d2a-aa7add22452c,revolves.gg,available,,,low,low,8,,,
422ef90c-97e3-4fb2-b655-b779bea76255,oninyears.gg,available,,,medium,high,11,,,
8384ac1f-b11c-49a7-bf03-509e07cc4760,comingoutparty.gg,available,,,medium,high,16,,,
3781a696-cb40-4c8f-a6e7-3e7eb4bf0012,accusive.gg,available,,,medium,low,8,,,
4b9a0d26-24fc-44d5-b730-7f0e38839084,ranee.gg,available,,,medium,high,5,,,
edd09070-7766-4de9-b430-6e5375a08772,pluckup.gg,available,,,medium,low,8,,,
fecb40fc-a7f3-4eba-9c2a-96e2742c8094,unseal.gg,available,,,medium,high,6,,,
9eb8f945-fa1c-4858-aec9-1b0dba5152b8,Comecon.gg,available,,,medium,high,7,,,
5ba01d49-9fd0-422c-b43f-086569b821bc,evocative.gg,available,,,medium,high,9,,,
ccd2f270-21f0-415f-be6a-e083efd27265,cheesestick.gg,available,,,medium,high,12,,,
62186c6c-4ee0-4ec1-8cee-9e7d99928cc9,teteatete.gg,available,,,medium,high,11,,,
3c2e1c8b-4a94-43af-9af0-1f77d80fd2e5,liberators.gg,available,,,low,low,10,,,
555128e3-5f97-461d-a926-23c935f00e0b,dollardiplomacy.gg,available,,,medium,low,16,,,
577242b5-c5c0-4cb0-aec4-935f32aa9baa,columninch.gg,available,,,medium,high,11,,,
a3aa0eac-bd0f-47c6-9427-82bc9762c953,Kisly.gg,available,,,medium,high,5,,,
4fb51c14-f775-4fd7-8f27-113ef89f1192,littlename.gg,available,,,medium,high,11,,,
06e0ce6a-c8e5-4469-8bd2-c9e67c8942fb,scattershot.gg,available,,,medium,high,11,,,
b18f645b-feb4-4d05-a0d9-aa790dffb412,abcconjecture.gg,available,82.98,,medium,low,14,namecheap,,
53c2761a-c777-4f04-ba28-fe35bccb4eaf,crystalliferous.gg,available,,,medium,high,15,,,
341d44a1-a397-425f-b599-22e1b0fe50e6,mouthwateringly.gg,available,,,medium,high,15,,,
4f0be340-81d3-4a88-ba68-83cd2a626d6f,bajillions.gg,available,,,medium,low,10,,,
d0b96fd1-a9c5-4fd3-9141-b4cc786b8aa5,Fridrichmethod.gg,available,,,medium,high,15,,,
177ae6fa-a6c8-4510-a9c3-ad1ee268712c,find.gg,resell,,,high,medium,4,1API (http://www.1api.net),,
693640ea-5d12-467c-813b-f7126f24d53d,fusedquartz.gg,available,,,medium,low,12,,,
0078c15c-546d-4123-aa44-c62322b7cf6c,equals.gg,available,82.98,,medium,low,6,namecheap,,
02731d04-32a5-47c4-a486-0cf15f8e0e68,wordprocessor.gg,available,,,medium,high,14,,,
5381804b-b50b-4e8d-8d44-31f85c87cd28,dothemath.gg,available,82.98,,medium,low,11,namecheap,,
37038139-5a00-4d3d-a6ec-679f5ae6c96b,minimart.gg,available,,,medium,high,8,,,
93393a4b-d5bd-4092-ae2a-7f7285381e25,scrutinize.gg,available,,,medium,high,10,,,
dad0265b-7fc5-4e9e-ba54-8911661082ac,bingewatch.gg,available,,,medium,high,11,,,
27434348-1009-4309-bc39-b919bbda2261,balancebeam.gg,available,,,medium,high,12,,,
a3eeed81-79a2-4cad-a8b0-4a0e1c53b8d6,cramsession.gg,available,,,medium,high,12,,,
94647a9f-f97b-4a49-b36d-838780984f03,marxist.gg,available,,,high,high,7,,,
7ca34879-611d-4b22-8248-0b501eae70d8,manofwar.gg,available,,,medium,high,10,,,
f9edd796-4457-49d5-809a-fc60fa5cef46,ricechaser.gg,available,,,medium,high,11,,,
56bc3c3e-29b7-4b3a-8acd-bf7666af4cc9,malachias.gg,available,,,medium,high,9,,,
360b0954-d538-4c80-9373-09d02b907217,affixal.gg,available,,,medium,low,7,,,
f82107b6-31f0-472e-a4d5-fadcf5b3e6ab,juggling.gg,available,,,medium,high,8,,,
b63389c6-add3-4973-b341-9fe7d52cfe46,kaching.gg,available,,,medium,high,8,,,
b0e46539-eabf-4849-817c-ad98117287a4,ccc.gg,resell,,,medium,low,3,West263 International Limited (http://www.west263.hk),,
e2012ed0-5936-442f-83f8-8914fe5eb8bb,articleship.gg,available,,,medium,high,11,,,
ccce95ec-7f29-4423-93f7-0dda743f62e8,coquette.gg,available,,,high,high,8,,,
a1bcf00c-4b5c-4653-9199-6dacd6b50812,knitcap.gg,available,,,medium,high,8,,,
f8321ea1-144e-4c99-bd12-434abdf93f79,withaviewto.gg,available,,,low,high,14,,,
2458d3cb-587a-44a7-a038-e541b16c5151,busily.gg,available,,,medium,high,6,,,
d26a8c11-d9d0-4487-a5eb-eb63b4612b23,MaineCoons.gg,available,,,medium,low,11,,,
35dc229d-208d-43ff-8c2a-c313359aa2c1,eloquently.gg,available,,,medium,high,10,,,
445532d5-7b06-437d-a04e-3769e8c07117,Kinhu.gg,available,,,medium,medium,5,,,
9c25049c-c8a5-4295-8ff0-8e01473b1b8f,olympian.gg,resell,,,high,high,8,"Web Gnomes, LLC (https://www.webgnomes.org)",,
d9e946d1-1c49-4396-8775-a91f57ae4b8d,onthedefensive.gg,available,,,medium,high,16,,,
24e1beca-cdd0-4325-82bf-9a5ca2bad9e7,fusedsentence.gg,available,,,medium,high,14,,,
7b3a2382-58db-451a-af99-1eff8f775faf,earmuff.gg,available,,,medium,high,7,,,
3e9ef1ca-95fb-4bef-a969-77d70184f6b2,snowshoe.gg,available,,,medium,high,8,,,